Workbook

Sheet KECAMATAN
A1: INPUT HARIAN PER KECAMATAN
A2: Isi satu baris untuk satu kecamatan pada satu tanggal. Gunakan tombol filter pada kolom Tanggal untuk melihat tanggal tertentu. | J2: Medan Amplas | K2: UPT I
J3: Medan Area | K3: UPT I
A4: Tanggal | B4: Hari | C4: UPT | D4: Kecamatan | E4: Jumlah Petugas | F4: Target WP | G4: Realisasi SPPT | H4: Realisasi RP | I4: Keterangan | J4: Medan Kota | K4: UPT I
B5: =IF(A5="","",CHOOSE(WEEKDAY(A5,2),"Senin","Selasa","Rabu","Kamis","Jumat","Sabtu","Minggu")) | C5: =IFERROR(VLOOKUP(D5,$J$2:$K$22,2,FALSE),"") | J5: Medan Tembung | K5: UPT II
B6: =IF(A6="","",CHOOSE(WEEKDAY(A6,2),"Senin","Selasa","Rabu","Kamis","Jumat","Sabtu","Minggu")) | C6: =IFERROR(VLOOKUP(D6,$J$2:$K$22,2,FALSE),"") | J6: Medan Perjuangan | K6: UPT II
B7: =IF(A7="","",CHOOSE(WEEKDAY(A7,2),"Senin","Selasa","Rabu","Kamis","Jumat","Sabtu","Minggu")) | C7: =IFERROR(VLOOKUP(D7,$J$2:$K$22,2,FALSE),"") | J7: Medan Denai | K7: UPT II
B8: =IF(A8="","",CHOOSE(WEEKDAY(A8,2),"Senin","Selasa","Rabu","Kamis","Jumat","Sabtu","Minggu")) | C8: =IFERROR(VLOOKUP(D8,$J$2:$K$22,2,FALSE),"") | J8: Medan Sunggal | K8: UPT III
B9: =IF(A9="","",CHOOSE(WEEKDAY(A9,2),"Senin","Selasa","Rabu","Kamis","Jumat","Sabtu","Minggu")) | C9: =IFERROR(VLOOKUP(D9,$J$2:$K$22,2,FALSE),"") | J9: Medan Petisah | K9: UPT III
B10: =IF(A10="","",CHOOSE(WEEKDAY(A10,2),"Senin","Selasa","Rabu","Kamis","Jumat","Sabtu","Minggu")) | C10: =IFERROR(VLOOKUP(D10,$J$2:$K$22,2,FALSE),"") | J10: Medan Helvetia | K10: UPT III
B11: =IF(A11="","",CHOOSE(WEEKDAY(A11,2),"Senin","Selasa","Rabu","Kamis","Jumat","Sabtu","Minggu")) | C11: =IFERROR(VLOOKUP(D11,$J$2:$K$22,2,FALSE),"") | J11: Medan Barat | K11: UPT IV
B12: =IF(A12="","",CHOOSE(WEEKDAY(A12,2),"Senin","Selasa","Rabu","Kamis","Jumat","Sabtu","Minggu")) | C12: =IFERROR(VLOOKUP(D12,$J$2:$K$22,2,FALSE),"") | J12: Medan Timur | K12: UPT IV
B13: =IF(A13="","",CHOOSE(WEEKDAY(A13,2),"Senin","Selasa","Rabu","Kamis","Jumat","Sabtu","Minggu")) | C13: =IFERROR(VLOOKUP(D13,$J$2:$K$22,2,FALSE),"") | J13: Medan Deli | K13: UPT IV
B14: =IF(A14="","",CHOOSE(WEEKDAY(A14,2),"Senin","Selasa","Rabu","Kamis","Jumat","Sabtu","Minggu")) | C14: =IFERROR(VLOOKUP(D14,$J$2:$K$22,2,FALSE),"") | J14: Medan Baru | K14: UPT V
B15: =IF(A15="","",CHOOSE(WEEKDAY(A15,2),"Senin","Selasa","Rabu","Kamis","Jumat","Sabtu","Minggu")) | C15: =IFERROR(VLOOKUP(D15,$J$2:$K$22,2,FALSE),"") | J15: Medan Polonia | K15: UPT V
B16: =IF(A16="","",CHOOSE(WEEKDAY(A16,2),"Senin","Selasa","Rabu","Kamis","Jumat","Sabtu","Minggu")) | C16: =IFERROR(VLOOKUP(D16,$J$2:$K$22,2,FALSE),"") | J16: Medan Maimun | K16: UPT V
... B22: =IF(A22="","",CHOOSE(WEEKDAY(A22,2),"Senin","Selasa","Rabu","Kamis","Jumat","Sabtu","Minggu")) | C22: =IFERROR(VLOOKUP(D22,$J$2:$K$22,2,FALSE),"") | J22: Medan Labuhan | K22: UPT VII
B23: =IF(A23="","",CHOOSE(WEEKDAY(A23,2),"Senin","Selasa","Rabu","Kamis","Jumat","Sabtu","Minggu")) | C23: =IFERROR(VLOOKUP(D23,$J$2:$K$22,2,FALSE),"")
B24: =IF(A24="","",CHOOSE(WEEKDAY(A24,2),"Senin","Selasa","Rabu","Kamis","Jumat","Sabtu","Minggu")) | C24: =IFERROR(VLOOKUP(D24,$J$2:$K$22,2,FALSE),"")
B25: =IF(A25="","",CHOOSE(WEEKDAY(A25,2),"Senin","Selasa","Rabu","Kamis","Jumat","Sabtu","Minggu")) | C25: =IFERROR(VLOOKUP(D25,$J$2:$K$22,2,FALSE),"")
B26: =IF(A26="","",CHOOSE(WEEKDAY(A26,2),"Senin","Selasa","Rabu","Kamis","Jumat","Sabtu","Minggu")) | C26: =IFERROR(VLOOKUP(D26,$J$2:$K$22,2,FALSE),"")
B27: =IF(A27="","",CHOOSE(WEEKDAY(A27,2),"Senin","Selasa","Rabu","Kamis","Jumat","Sabtu","Minggu")) | C27: =IFERROR(VLOOKUP(D27,$J$2:$K$22,2,FALSE),"")
B28: =IF(A28="","",CHOOSE(WEEKDAY(A28,2),"Senin","Selasa","Rabu","Kamis","Jumat","Sabtu","Minggu")) | C28: =IFERROR(VLOOKUP(D28,$J$2:$K$22,2,FALSE),"")
B29: =IF(A29="","",CHOOSE(WEEKDAY(A29,2),"Senin","Selasa","Rabu","Kamis","Jumat","Sabtu","Minggu")) | C29: =IFERROR(VLOOKUP(D29,$J$2:$K$22,2,FALSE),"")
B30: =IF(A30="","",CHOOSE(WEEKDAY(A30,2),"Senin","Selasa","Rabu","Kamis","Jumat","Sabtu","Minggu")) | C30: =IFERROR(VLOOKUP(D30,$J$2:$K$22,2,FALSE),"")
B31: =IF(A31="","",CHOOSE(WEEKDAY(A31,2),"Senin","Selasa","Rabu","Kamis","Jumat","Sabtu","Minggu")) | C31: =IFERROR(VLOOKUP(D31,$J$2:$K$22,2,FALSE),"")
B32: =IF(A32="","",CHOOSE(WEEKDAY(A32,2),"Senin","Selasa","Rabu","Kamis","Jumat","Sabtu","Minggu")) | C32: =IFERROR(VLOOKUP(D32,$J$2:$K$22,2,FALSE),"")
B33: =IF(A33="","",CHOOSE(WEEKDAY(A33,2),"Senin","Selasa","Rabu","Kamis","Jumat","Sabtu","Minggu")) | C33: =IFERROR(VLOOKUP(D33,$J$2:$K$22,2,FALSE),"")
B34: =IF(A34="","",CHOOSE(WEEKDAY(A34,2),"Senin","Selasa","Rabu","Kamis","Jumat","Sabtu","Minggu")) | C34: =IFERROR(VLOOKUP(D34,$J$2:$K$22,2,FALSE),"")
... B10004: =IF(A10004="","",CHOOSE(WEEKDAY(A10004,2),"Senin","Selasa","Rabu","Kamis","Jumat","Sabtu","Minggu")) | C10004: =IFERROR(VLOOKUP(D10004,$J$2:$K$22,2,FALSE),"")

Sheet SUMBER DATA
A1: SUMBER DATA OTOMATIS
A2: Sheet ini terisi otomatis dari KECAMATAN. Jangan input manual di sini.
A4: Tanggal | B4: Hari | C4: UPT | D4: Kecamatan | E4: Jumlah Petugas | F4: Target WP | G4: Realisasi SPPT | H4: Realisasi RP | I4: Keterangan
A5: =IF(KECAMATAN!A5="","",KECAMATAN!A5) | B5: =IF(KECAMATAN!B5="","",KECAMATAN!B5) | C5: =IF(KECAMATAN!C5="","",KECAMATAN!C5) | D5: =IF(KECAMATAN!D5="","",KECAMATAN!D5) | E5: =IF(KECAMATAN!E5="","",KECAMATAN!E5) | F5: =IF(KECAMATAN!F5="","",KECAMATAN!F5) | G5: =IF(KECAMATAN!G5="","",KECAMATAN!G5) | H5: =IF(KECAMATAN!H5="","",KECAMATAN!H5) | I5: =IF(KECAMATAN!I5="","",KECAMATAN!I5)
A6: =IF(KECAMATAN!A6="","",KECAMATAN!A6) | B6: =IF(KECAMATAN!B6="","",KECAMATAN!B6) | C6: =IF(KECAMATAN!C6="","",KECAMATAN!C6) | D6: =IF(KECAMATAN!D6="","",KECAMATAN!D6) | E6: =IF(KECAMATAN!E6="","",KECAMATAN!E6) | F6: =IF(KECAMATAN!F6="","",KECAMATAN!F6) | G6: =IF(KECAMATAN!G6="","",KECAMATAN!G6) | H6: =IF(KECAMATAN!H6="","",KECAMATAN!H6) | I6: =IF(KECAMATAN!I6="","",KECAMATAN!I6)
A7: =IF(KECAMATAN!A7="","",KECAMATAN!A7) | B7: =IF(KECAMATAN!B7="","",KECAMATAN!B7) | C7: =IF(KECAMATAN!C7="","",KECAMATAN!C7) | D7: =IF(KECAMATAN!D7="","",KECAMATAN!D7) | E7: =IF(KECAMATAN!E7="","",KECAMATAN!E7) | F7: =IF(KECAMATAN!F7="","",KECAMATAN!F7) | G7: =IF(KECAMATAN!G7="","",KECAMATAN!G7) | H7: =IF(KECAMATAN!H7="","",KECAMATAN!H7) | I7: =IF(KECAMATAN!I7="","",KECAMATAN!I7)
A8: =IF(KECAMATAN!A8="","",KECAMATAN!A8) | B8: =IF(KECAMATAN!B8="","",KECAMATAN!B8) | C8: =IF(KECAMATAN!C8="","",KECAMATAN!C8) | D8: =IF(KECAMATAN!D8="","",KECAMATAN!D8) | E8: =IF(KECAMATAN!E8="","",KECAMATAN!E8) | F8: =IF(KECAMATAN!F8="","",KECAMATAN!F8) | G8: =IF(KECAMATAN!G8="","",KECAMATAN!G8) | H8: =IF(KECAMATAN!H8="","",KECAMATAN!H8) | I8: =IF(KECAMATAN!I8="","",KECAMATAN!I8)
A9: =IF(KECAMATAN!A9="","",KECAMATAN!A9) | B9: =IF(KECAMATAN!B9="","",KECAMATAN!B9) | C9: =IF(KECAMATAN!C9="","",KECAMATAN!C9) | D9: =IF(KECAMATAN!D9="","",KECAMATAN!D9) | E9: =IF(KECAMATAN!E9="","",KECAMATAN!E9) | F9: =IF(KECAMATAN!F9="","",KECAMATAN!F9) | G9: =IF(KECAMATAN!G9="","",KECAMATAN!G9) | H9: =IF(KECAMATAN!H9="","",KECAMATAN!H9) | I9: =IF(KECAMATAN!I9="","",KECAMATAN!I9)
A10: =IF(KECAMATAN!A10="","",KECAMATAN!A10) | B10: =IF(KECAMATAN!B10="","",KECAMATAN!B10) | C10: =IF(KECAMATAN!C10="","",KECAMATAN!C10) | D10: =IF(KECAMATAN!D10="","",KECAMATAN!D10) | E10: =IF(KECAMATAN!E10="","",KECAMATAN!E10) | F10: =IF(KECAMATAN!F10="","",KECAMATAN!F10) | G10: =IF(KECAMATAN!G10="","",KECAMATAN!G10) | H10: =IF(KECAMATAN!H10="","",KECAMATAN!H10) | I10: =IF(KECAMATAN!I10="","",KECAMATAN!I10)
A11: =IF(KECAMATAN!A11="","",KECAMATAN!A11) | B11: =IF(KECAMATAN!B11="","",KECAMATAN!B11) | C11: =IF(KECAMATAN!C11="","",KECAMATAN!C11) | D11: =IF(KECAMATAN!D11="","",KECAMATAN!D11) | E11: =IF(KECAMATAN!E11="","",KECAMATAN!E11) | F11: =IF(KECAMATAN!F11="","",KECAMATAN!F11) | G11: =IF(KECAMATAN!G11="","",KECAMATAN!G11) | H11: =IF(KECAMATAN!H11="","",KECAMATAN!H11) | I11: =IF(KECAMATAN!I11="","",KECAMATAN!I11)
A12: =IF(KECAMATAN!A12="","",KECAMATAN!A12) | B12: =IF(KECAMATAN!B12="","",KECAMATAN!B12) | C12: =IF(KECAMATAN!C12="","",KECAMATAN!C12) | D12: =IF(KECAMATAN!D12="","",KECAMATAN!D12) | E12: =IF(KECAMATAN!E12="","",KECAMATAN!E12) | F12: =IF(KECAMATAN!F12="","",KECAMATAN!F12) | G12: =IF(KECAMATAN!G12="","",KECAMATAN!G12) | H12: =IF(KECAMATAN!H12="","",KECAMATAN!H12) | I12: =IF(KECAMATAN!I12="","",KECAMATAN!I12)
A13: =IF(KECAMATAN!A13="","",KECAMATAN!A13) | B13: =IF(KECAMATAN!B13="","",KECAMATAN!B13) | C13: =IF(KECAMATAN!C13="","",KECAMATAN!C13) | D13: =IF(KECAMATAN!D13="","",KECAMATAN!D13) | E13: =IF(KECAMATAN!E13="","",KECAMATAN!E13) | F13: =IF(KECAMATAN!F13="","",KECAMATAN!F13) | G13: =IF(KECAMATAN!G13="","",KECAMATAN!G13) | H13: =IF(KECAMATAN!H13="","",KECAMATAN!H13) | I13: =IF(KECAMATAN!I13="","",KECAMATAN!I13)
A14: =IF(KECAMATAN!A14="","",KECAMATAN!A14) | B14: =IF(KECAMATAN!B14="","",KECAMATAN!B14) | C14: =IF(KECAMATAN!C14="","",KECAMATAN!C14) | D14: =IF(KECAMATAN!D14="","",KECAMATAN!D14) | E14: =IF(KECAMATAN!E14="","",KECAMATAN!E14) | F14: =IF(KECAMATAN!F14="","",KECAMATAN!F14) | G14: =IF(KECAMATAN!G14="","",KECAMATAN!G14) | H14: =IF(KECAMATAN!H14="","",KECAMATAN!H14) | I14: =IF(KECAMATAN!I14="","",KECAMATAN!I14)
A15: =IF(KECAMATAN!A15="","",KECAMATAN!A15) | B15: =IF(KECAMATAN!B15="","",KECAMATAN!B15) | C15: =IF(KECAMATAN!C15="","",KECAMATAN!C15) | D15: =IF(KECAMATAN!D15="","",KECAMATAN!D15) | E15: =IF(KECAMATAN!E15="","",KECAMATAN!E15) | F15: =IF(KECAMATAN!F15="","",KECAMATAN!F15) | G15: =IF(KECAMATAN!G15="","",KECAMATAN!G15) | H15: =IF(KECAMATAN!H15="","",KECAMATAN!H15) | I15: =IF(KECAMATAN!I15="","",KECAMATAN!I15)
A16: =IF(KECAMATAN!A16="","",KECAMATAN!A16) | B16: =IF(KECAMATAN!B16="","",KECAMATAN!B16) | C16: =IF(KECAMATAN!C16="","",KECAMATAN!C16) | D16: =IF(KECAMATAN!D16="","",KECAMATAN!D16) | E16: =IF(KECAMATAN!E16="","",KECAMATAN!E16) | F16: =IF(KECAMATAN!F16="","",KECAMATAN!F16) | G16: =IF(KECAMATAN!G16="","",KECAMATAN!G16) | H16: =IF(KECAMATAN!H16="","",KECAMATAN!H16) | I16: =IF(KECAMATAN!I16="","",KECAMATAN!I16)
... A10004: =IF(KECAMATAN!A10004="","",KECAMATAN!A10004) | B10004: =IF(KECAMATAN!B10004="","",KECAMATAN!B10004) | C10004: =IF(KECAMATAN!C10004="","",KECAMATAN!C10004) | D10004: =IF(KECAMATAN!D10004="","",KECAMATAN!D10004) | E10004: =IF(KECAMATAN!E10004="","",KECAMATAN!E10004) | F10004: =IF(KECAMATAN!F10004="","",KECAMATAN!F10004) | G10004: =IF(KECAMATAN!G10004="","",KECAMATAN!G10004) | H10004: =IF(KECAMATAN!H10004="","",KECAMATAN!H10004) | I10004: =IF(KECAMATAN!I10004="","",KECAMATAN!I10004)

Sheet LAPORAN
A1: LAPORAN HARIAN / BULANAN UPT
A2: Mode Laporan | B2: Harian
A3: Tanggal Acuan | B3: =TODAY()
A4: Periode Tampil | B4: =IF($B$2="Harian",CHOOSE(WEEKDAY($B$3),"Minggu","Senin","Selasa","Rabu","Kamis","Jumat","Sabtu")&", "&TEXT($B$3,"dd")&" "&CHOOSE(MONTH($B$3),"Januari","Februari","Maret","April","Mei","Juni","Juli","Agustus","September","Oktober","November","Desember")&" "&YEAR($B$3),CHOOSE(MONTH($B$3),"Januari","Februari","Maret","April","Mei","Juni","Juli","Agustus","September","Oktober","November","Desember")&" "&YEAR($B$3))
A6: UPT / Kecamatan | B6: Jumlah Petugas | C6: Target WP | D6: Realisasi | F6: Persentase | G6: Keterangan
D7: Jumlah SPPT | E7: Jumlah RP
A8: UPT I | B8: =SUM(B9:B11) | C8: =SUM(C9:C11) | D8: =SUM(D9:D11) | E8: =SUM(E9:E11) | F8: =IFERROR(D8/C8,0) | G8: ="Total "&A8
A9: Medan Amplas | B9: =IF($B$3="","",IF($B$2="Harian",IFERROR(SUMIFS('SUMBER DATA'!$E$5:$E$10004,'SUMBER DATA'!$D$5:$D$10004,$A9,'SUMBER DATA'!$A$5:$A$10004,$B$3),0),IFERROR(SUMIFS('SUMBER DATA'!$E$5:$E$10004,'SUMBER DATA'!$D$5:$D$10004,$A9,'SUMBER DATA'!$A$5:$A$10004,">="&EOMONTH($B$3,-1)+1,'SUMBER DATA'!$A$5:$A$10004,"<="&EOMONTH($B$3,0)),0))) | C9: =IF($B$3="","",IF($B$2="Harian",IFERROR(SUMIFS('SUMBER DATA'!$F$5:$F$10004,'SUMBER DATA'!$D$5:$D$10004,$A9,'SUMBER DATA'!$A$5:$A$10004,$B$3),0),IFERROR(SUMIFS('SUMBER DATA'!$F$5:$F$10004,'SUMBER DATA'!$D$5:$D$10004,$A9,'SUMBER DATA'!$A$5:$A$10004,">="&EOMONTH($B$3,-1)+1,'SUMBER DATA'!$A$5:$A$10004,"<="&EOMONTH($B$3,0)),0))) | D9: =IF($B$3="","",IF($B$2="Harian",IFERROR(SUMIFS('SUMBER DATA'!$G$5:$G$10004,'SUMBER DATA'!$D$5:$D$10004,$A9,'SUMBER DATA'!$A$5:$A$10004,$B$3),0),IFERROR(SUMIFS('SUMBER DATA'!$G$5:$G$10004,'SUMBER DATA'!$D$5:$D$10004,$A9,'SUMBER DATA'!$A$5:$A$10004,">="&EOMONTH($B$3,-1)+1,'SUMBER DATA'!$A$5:$A$10004,"<="&EOMONTH($B$3,0)),0))) | E9: =IF($B$3="","",IF($B$2="Harian",IFERROR(SUMIFS('SUMBER DATA'!$H$5:$H$10004,'SUMBER DATA'!$D$5:$D$10004,$A9,'SUMBER DATA'!$A$5:$A$10004,$B$3),0),IFERROR(SUMIFS('SUMBER DATA'!$H$5:$H$10004,'SUMBER DATA'!$D$5:$D$10004,$A9,'SUMBER DATA'!$A$5:$A$10004,">="&EOMONTH($B$3,-1)+1,'SUMBER DATA'!$A$5:$A$10004,"<="&EOMONTH($B$3,0)),0))) | F9: =IFERROR(D9/C9,0) | G9: =IF($B$2="Harian",IFERROR(LOOKUP(2,1/(('SUMBER DATA'!$D$5:$D$10004=$A9)*('SUMBER DATA'!$A$5:$A$10004=$B$3)*('SUMBER DATA'!$I$5:$I$10004<>"")),'SUMBER DATA'!$I$5:$I$10004),""),IFERROR(LOOKUP(2,1/(('SUMBER DATA'!$D$5:$D$10004=$A9)*('SUMBER DATA'!$A$5:$A$10004>=EOMONTH($B$3,-1)+1)*('SUMBER DATA'!$A$5:$A$10004<=EOMONTH($B$3,0))*('SUMBER DATA'!$I$5:$I$10004<>"")),'SUMBER DATA'!$I$5:$I$10004),""))
A10: Medan Area | B10: =IF($B$3="","",IF($B$2="Harian",IFERROR(SUMIFS('SUMBER DATA'!$E$5:$E$10004,'SUMBER DATA'!$D$5:$D$10004,$A10,'SUMBER DATA'!$A$5:$A$10004,$B$3),0),IFERROR(SUMIFS('SUMBER DATA'!$E$5:$E$10004,'SUMBER DATA'!$D$5:$D$10004,$A10,'SUMBER DATA'!$A$5:$A$10004,">="&EOMONTH($B$3,-1)+1,'SUMBER DATA'!$A$5:$A$10004,"<="&EOMONTH($B$3,0)),0))) | C10: =IF($B$3="","",IF($B$2="Harian",IFERROR(SUMIFS('SUMBER DATA'!$F$5:$F$10004,'SUMBER DATA'!$D$5:$D$10004,$A10,'SUMBER DATA'!$A$5:$A$10004,$B$3),0),IFERROR(SUMIFS('SUMBER DATA'!$F$5:$F$10004,'SUMBER DATA'!$D$5:$D$10004,$A10,'SUMBER DATA'!$A$5:$A$10004,">="&EOMONTH($B$3,-1)+1,'SUMBER DATA'!$A$5:$A$10004,"<="&EOMONTH($B$3,0)),0))) | D10: =IF($B$3="","",IF($B$2="Harian",IFERROR(SUMIFS('SUMBER DATA'!$G$5:$G$10004,'SUMBER DATA'!$D$5:$D$10004,$A10,'SUMBER DATA'!$A$5:$A$10004,$B$3),0),IFERROR(SUMIFS('SUMBER DATA'!$G$5:$G$10004,'SUMBER DATA'!$D$5:$D$10004,$A10,'SUMBER DATA'!$A$5:$A$10004,">="&EOMONTH($B$3,-1)+1,'SUMBER DATA'!$A$5:$A$10004,"<="&EOMONTH($B$3,0)),0))) | E10: =IF($B$3="","",IF($B$2="Harian",IFERROR(SUMIFS('SUMBER DATA'!$H$5:$H$10004,'SUMBER DATA'!$D$5:$D$10004,$A10,'SUMBER DATA'!$A$5:$A$10004,$B$3),0),IFERROR(SUMIFS('SUMBER DATA'!$H$5:$H$10004,'SUMBER DATA'!$D$5:$D$10004,$A10,'SUMBER DATA'!$A$5:$A$10004,">="&EOMONTH($B$3,-1)+1,'SUMBER DATA'!$A$5:$A$10004,"<="&EOMONTH($B$3,0)),0))) | F10: =IFERROR(D10/C10,0) | G10: =IF($B$2="Harian",IFERROR(LOOKUP(2,1/(('SUMBER DATA'!$D$5:$D$10004=$A10)*('SUMBER DATA'!$A$5:$A$10004=$B$3)*('SUMBER DATA'!$I$5:$I$10004<>"")),'SUMBER DATA'!$I$5:$I$10004),""),IFERROR(LOOKUP(2,1/(('SUMBER DATA'!$D$5:$D$10004=$A10)*('SUMBER DATA'!$A$5:$A$10004>=EOMONTH($B$3,-1)+1)*('SUMBER DATA'!$A$5:$A$10004<=EOMONTH($B$3,0))*('SUMBER DATA'!$I$5:$I$10004<>"")),'SUMBER DATA'!$I$5:$I$10004),""))
A11: Medan Kota | B11: =IF($B$3="","",IF($B$2="Harian",IFERROR(SUMIFS('SUMBER DATA'!$E$5:$E$10004,'SUMBER DATA'!$D$5:$D$10004,$A11,'SUMBER DATA'!$A$5:$A$10004,$B$3),0),IFERROR(SUMIFS('SUMBER DATA'!$E$5:$E$10004,'SUMBER DATA'!$D$5:$D$10004,$A11,'SUMBER DATA'!$A$5:$A$10004,">="&EOMONTH($B$3,-1)+1,'SUMBER DATA'!$A$5:$A$10004,"<="&EOMONTH($B$3,0)),0))) | C11: =IF($B$3="","",IF($B$2="Harian",IFERROR(SUMIFS('SUMBER DATA'!$F$5:$F$10004,'SUMBER DATA'!$D$5:$D$10004,$A11,'SUMBER DATA'!$A$5:$A$10004,$B$3),0),IFERROR(SUMIFS('SUMBER DATA'!$F$5:$F$10004,'SUMBER DATA'!$D$5:$D$10004,$A11,'SUMBER DATA'!$A$5:$A$10004,">="&EOMONTH($B$3,-1)+1,'SUMBER DATA'!$A$5:$A$10004,"<="&EOMONTH($B$3,0)),0))) | D11: =IF($B$3="","",IF($B$2="Harian",IFERROR(SUMIFS('SUMBER DATA'!$G$5:$G$10004,'SUMBER DATA'!$D$5:$D$10004,$A11,'SUMBER DATA'!$A$5:$A$10004,$B$3),0),IFERROR(SUMIFS('SUMBER DATA'!$G$5:$G$10004,'SUMBER DATA'!$D$5:$D$10004,$A11,'SUMBER DATA'!$A$5:$A$10004,">="&EOMONTH($B$3,-1)+1,'SUMBER DATA'!$A$5:$A$10004,"<="&EOMONTH($B$3,0)),0))) | E11: =IF($B$3="","",IF($B$2="Harian",IFERROR(SUMIFS('SUMBER DATA'!$H$5:$H$10004,'SUMBER DATA'!$D$5:$D$10004,$A11,'SUMBER DATA'!$A$5:$A$10004,$B$3),0),IFERROR(SUMIFS('SUMBER DATA'!$H$5:$H$10004,'SUMBER DATA'!$D$5:$D$10004,$A11,'SUMBER DATA'!$A$5:$A$10004,">="&EOMONTH($B$3,-1)+1,'SUMBER DATA'!$A$5:$A$10004,"<="&EOMONTH($B$3,0)),0))) | F11: =IFERROR(D11/C11,0) | G11: =IF($B$2="Harian",IFERROR(LOOKUP(2,1/(('SUMBER DATA'!$D$5:$D$10004=$A11)*('SUMBER DATA'!$A$5:$A$10004=$B$3)*('SUMBER DATA'!$I$5:$I$10004<>"")),'SUMBER DATA'!$I$5:$I$10004),""),IFERROR(LOOKUP(2,1/(('SUMBER DATA'!$D$5:$D$10004=$A11)*('SUMBER DATA'!$A$5:$A$10004>=EOMONTH($B$3,-1)+1)*('SUMBER DATA'!$A$5:$A$10004<=EOMONTH($B$3,0))*('SUMBER DATA'!$I$5:$I$10004<>"")),'SUMBER DATA'!$I$5:$I$10004),""))
A12: UPT II | B12: =SUM(B13:B15) | C12: =SUM(C13:C15) | D12: =SUM(D13:D15) | E12: =SUM(E13:E15) | F12: =IFERROR(D12/C12,0) | G12: ="Total "&A12
A13: Medan Tembung | B13: =IF($B$3="","",IF($B$2="Harian",IFERROR(SUMIFS('SUMBER DATA'!$E$5:$E$10004,'SUMBER DATA'!$D$5:$D$10004,$A13,'SUMBER DATA'!$A$5:$A$10004,$B$3),0),IFERROR(SUMIFS('SUMBER DATA'!$E$5:$E$10004,'SUMBER DATA'!$D$5:$D$10004,$A13,'SUMBER DATA'!$A$5:$A$10004,">="&EOMONTH($B$3,-1)+1,'SUMBER DATA'!$A$5:$A$10004,"<="&EOMONTH($B$3,0)),0))) | C13: =IF($B$3="","",IF($B$2="Harian",IFERROR(SUMIFS('SUMBER DATA'!$F$5:$F$10004,'SUMBER DATA'!$D$5:$D$10004,$A13,'SUMBER DATA'!$A$5:$A$10004,$B$3),0),IFERROR(SUMIFS('SUMBER DATA'!$F$5:$F$10004,'SUMBER DATA'!$D$5:$D$10004,$A13,'SUMBER DATA'!$A$5:$A$10004,">="&EOMONTH($B$3,-1)+1,'SUMBER DATA'!$A$5:$A$10004,"<="&EOMONTH($B$3,0)),0))) | D13: =IF($B$3="","",IF($B$2="Harian",IFERROR(SUMIFS('SUMBER DATA'!$G$5:$G$10004,'SUMBER DATA'!$D$5:$D$10004,$A13,'SUMBER DATA'!$A$5:$A$10004,$B$3),0),IFERROR(SUMIFS('SUMBER DATA'!$G$5:$G$10004,'SUMBER DATA'!$D$5:$D$10004,$A13,'SUMBER DATA'!$A$5:$A$10004,">="&EOMONTH($B$3,-1)+1,'SUMBER DATA'!$A$5:$A$10004,"<="&EOMONTH($B$3,0)),0))) | E13: =IF($B$3="","",IF($B$2="Harian",IFERROR(SUMIFS('SUMBER DATA'!$H$5:$H$10004,'SUMBER DATA'!$D$5:$D$10004,$A13,'SUMBER DATA'!$A$5:$A$10004,$B$3),0),IFERROR(SUMIFS('SUMBER DATA'!$H$5:$H$10004,'SUMBER DATA'!$D$5:$D$10004,$A13,'SUMBER DATA'!$A$5:$A$10004,">="&EOMONTH($B$3,-1)+1,'SUMBER DATA'!$A$5:$A$10004,"<="&EOMONTH($B$3,0)),0))) | F13: =IFERROR(D13/C13,0) | G13: =IF($B$2="Harian",IFERROR(LOOKUP(2,1/(('SUMBER DATA'!$D$5:$D$10004=$A13)*('SUMBER DATA'!$A$5:$A$10004=$B$3)*('SUMBER DATA'!$I$5:$I$10004<>"")),'SUMBER DATA'!$I$5:$I$10004),""),IFERROR(LOOKUP(2,1/(('SUMBER DATA'!$D$5:$D$10004=$A13)*('SUMBER DATA'!$A$5:$A$10004>=EOMONTH($B$3,-1)+1)*('SUMBER DATA'!$A$5:$A$10004<=EOMONTH($B$3,0))*('SUMBER DATA'!$I$5:$I$10004<>"")),'SUMBER DATA'!$I$5:$I$10004),""))
A14: Medan Perjuangan | B14: =IF($B$3="","",IF($B$2="Harian",IFERROR(SUMIFS('SUMBER DATA'!$E$5:$E$10004,'SUMBER DATA'!$D$5:$D$10004,$A14,'SUMBER DATA'!$A$5:$A$10004,$B$3),0),IFERROR(SUMIFS('SUMBER DATA'!$E$5:$E$10004,'SUMBER DATA'!$D$5:$D$10004,$A14,'SUMBER DATA'!$A$5:$A$10004,">="&EOMONTH($B$3,-1)+1,'SUMBER DATA'!$A$5:$A$10004,"<="&EOMONTH($B$3,0)),0))) | C14: =IF($B$3="","",IF($B$2="Harian",IFERROR(SUMIFS('SUMBER DATA'!$F$5:$F$10004,'SUMBER DATA'!$D$5:$D$10004,$A14,'SUMBER DATA'!$A$5:$A$10004,$B$3),0),IFERROR(SUMIFS('SUMBER DATA'!$F$5:$F$10004,'SUMBER DATA'!$D$5:$D$10004,$A14,'SUMBER DATA'!$A$5:$A$10004,">="&EOMONTH($B$3,-1)+1,'SUMBER DATA'!$A$5:$A$10004,"<="&EOMONTH($B$3,0)),0))) | D14: =IF($B$3="","",IF($B$2="Harian",IFERROR(SUMIFS('SUMBER DATA'!$G$5:$G$10004,'SUMBER DATA'!$D$5:$D$10004,$A14,'SUMBER DATA'!$A$5:$A$10004,$B$3),0),IFERROR(SUMIFS('SUMBER DATA'!$G$5:$G$10004,'SUMBER DATA'!$D$5:$D$10004,$A14,'SUMBER DATA'!$A$5:$A$10004,">="&EOMONTH($B$3,-1)+1,'SUMBER DATA'!$A$5:$A$10004,"<="&EOMONTH($B$3,0)),0))) | E14: =IF($B$3="","",IF($B$2="Harian",IFERROR(SUMIFS('SUMBER DATA'!$H$5:$H$10004,'SUMBER DATA'!$D$5:$D$10004,$A14,'SUMBER DATA'!$A$5:$A$10004,$B$3),0),IFERROR(SUMIFS('SUMBER DATA'!$H$5:$H$10004,'SUMBER DATA'!$D$5:$D$10004,$A14,'SUMBER DATA'!$A$5:$A$10004,">="&EOMONTH($B$3,-1)+1,'SUMBER DATA'!$A$5:$A$10004,"<="&EOMONTH($B$3,0)),0))) | F14: =IFERROR(D14/C14,0) | G14: =IF($B$2="Harian",IFERROR(LOOKUP(2,1/(('SUMBER DATA'!$D$5:$D$10004=$A14)*('SUMBER DATA'!$A$5:$A$10004=$B$3)*('SUMBER DATA'!$I$5:$I$10004<>"")),'SUMBER DATA'!$I$5:$I$10004),""),IFERROR(LOOKUP(2,1/(('SUMBER DATA'!$D$5:$D$10004=$A14)*('SUMBER DATA'!$A$5:$A$10004>=EOMONTH($B$3,-1)+1)*('SUMBER DATA'!$A$5:$A$10004<=EOMONTH($B$3,0))*('SUMBER DATA'!$I$5:$I$10004<>"")),'SUMBER DATA'!$I$5:$I$10004),""))
A15: Medan Denai | B15: =IF($B$3="","",IF($B$2="Harian",IFERROR(SUMIFS('SUMBER DATA'!$E$5:$E$10004,'SUMBER DATA'!$D$5:$D$10004,$A15,'SUMBER DATA'!$A$5:$A$10004,$B$3),0),IFERROR(SUMIFS('SUMBER DATA'!$E$5:$E$10004,'SUMBER DATA'!$D$5:$D$10004,$A15,'SUMBER DATA'!$A$5:$A$10004,">="&EOMONTH($B$3,-1)+1,'SUMBER DATA'!$A$5:$A$10004,"<="&EOMONTH($B$3,0)),0))) | C15: =IF($B$3="","",IF($B$2="Harian",IFERROR(SUMIFS('SUMBER DATA'!$F$5:$F$10004,'SUMBER DATA'!$D$5:$D$10004,$A15,'SUMBER DATA'!$A$5:$A$10004,$B$3),0),IFERROR(SUMIFS('SUMBER DATA'!$F$5:$F$10004,'SUMBER DATA'!$D$5:$D$10004,$A15,'SUMBER DATA'!$A$5:$A$10004,">="&EOMONTH($B$3,-1)+1,'SUMBER DATA'!$A$5:$A$10004,"<="&EOMONTH($B$3,0)),0))) | D15: =IF($B$3="","",IF($B$2="Harian",IFERROR(SUMIFS('SUMBER DATA'!$G$5:$G$10004,'SUMBER DATA'!$D$5:$D$10004,$A15,'SUMBER DATA'!$A$5:$A$10004,$B$3),0),IFERROR(SUMIFS('SUMBER DATA'!$G$5:$G$10004,'SUMBER DATA'!$D$5:$D$10004,$A15,'SUMBER DATA'!$A$5:$A$10004,">="&EOMONTH($B$3,-1)+1,'SUMBER DATA'!$A$5:$A$10004,"<="&EOMONTH($B$3,0)),0))) | E15: =IF($B$3="","",IF($B$2="Harian",IFERROR(SUMIFS('SUMBER DATA'!$H$5:$H$10004,'SUMBER DATA'!$D$5:$D$10004,$A15,'SUMBER DATA'!$A$5:$A$10004,$B$3),0),IFERROR(SUMIFS('SUMBER DATA'!$H$5:$H$10004,'SUMBER DATA'!$D$5:$D$10004,$A15,'SUMBER DATA'!$A$5:$A$10004,">="&EOMONTH($B$3,-1)+1,'SUMBER DATA'!$A$5:$A$10004,"<="&EOMONTH($B$3,0)),0))) | F15: =IFERROR(D15/C15,0) | G15: =IF($B$2="Harian",IFERROR(LOOKUP(2,1/(('SUMBER DATA'!$D$5:$D$10004=$A15)*('SUMBER DATA'!$A$5:$A$10004=$B$3)*('SUMBER DATA'!$I$5:$I$10004<>"")),'SUMBER DATA'!$I$5:$I$10004),""),IFERROR(LOOKUP(2,1/(('SUMBER DATA'!$D$5:$D$10004=$A15)*('SUMBER DATA'!$A$5:$A$10004>=EOMONTH($B$3,-1)+1)*('SUMBER DATA'!$A$5:$A$10004<=EOMONTH($B$3,0))*('SUMBER DATA'!$I$5:$I$10004<>"")),'SUMBER DATA'!$I$5:$I$10004),""))
A16: UPT III | B16: =SUM(B17:B19) | C16: =SUM(C17:C19) | D16: =SUM(D17:D19) | E16: =SUM(E17:E19) | F16: =IFERROR(D16/C16,0) | G16: ="Total "&A16
A17: Medan Sunggal | B17: =IF($B$3="","",IF($B$2="Harian",IFERROR(SUMIFS('SUMBER DATA'!$E$5:$E$10004,'SUMBER DATA'!$D$5:$D$10004,$A17,'SUMBER DATA'!$A$5:$A$10004,$B$3),0),IFERROR(SUMIFS('SUMBER DATA'!$E$5:$E$10004,'SUMBER DATA'!$D$5:$D$10004,$A17,'SUMBER DATA'!$A$5:$A$10004,">="&EOMONTH($B$3,-1)+1,'SUMBER DATA'!$A$5:$A$10004,"<="&EOMONTH($B$3,0)),0))) | C17: =IF($B$3="","",IF($B$2="Harian",IFERROR(SUMIFS('SUMBER DATA'!$F$5:$F$10004,'SUMBER DATA'!$D$5:$D$10004,$A17,'SUMBER DATA'!$A$5:$A$10004,$B$3),0),IFERROR(SUMIFS('SUMBER DATA'!$F$5:$F$10004,'SUMBER DATA'!$D$5:$D$10004,$A17,'SUMBER DATA'!$A$5:$A$10004,">="&EOMONTH($B$3,-1)+1,'SUMBER DATA'!$A$5:$A$10004,"<="&EOMONTH($B$3,0)),0))) | D17: =IF($B$3="","",IF($B$2="Harian",IFERROR(SUMIFS('SUMBER DATA'!$G$5:$G$10004,'SUMBER DATA'!$D$5:$D$10004,$A17,'SUMBER DATA'!$A$5:$A$10004,$B$3),0),IFERROR(SUMIFS('SUMBER DATA'!$G$5:$G$10004,'SUMBER DATA'!$D$5:$D$10004,$A17,'SUMBER DATA'!$A$5:$A$10004,">="&EOMONTH($B$3,-1)+1,'SUMBER DATA'!$A$5:$A$10004,"<="&EOMONTH($B$3,0)),0))) | E17: =IF($B$3="","",IF($B$2="Harian",IFERROR(SUMIFS('SUMBER DATA'!$H$5:$H$10004,'SUMBER DATA'!$D$5:$D$10004,$A17,'SUMBER DATA'!$A$5:$A$10004,$B$3),0),IFERROR(SUMIFS('SUMBER DATA'!$H$5:$H$10004,'SUMBER DATA'!$D$5:$D$10004,$A17,'SUMBER DATA'!$A$5:$A$10004,">="&EOMONTH($B$3,-1)+1,'SUMBER DATA'!$A$5:$A$10004,"<="&EOMONTH($B$3,0)),0))) | F17: =IFERROR(D17/C17,0) | G17: =IF($B$2="Harian",IFERROR(LOOKUP(2,1/(('SUMBER DATA'!$D$5:$D$10004=$A17)*('SUMBER DATA'!$A$5:$A$10004=$B$3)*('SUMBER DATA'!$I$5:$I$10004<>"")),'SUMBER DATA'!$I$5:$I$10004),""),IFERROR(LOOKUP(2,1/(('SUMBER DATA'!$D$5:$D$10004=$A17)*('SUMBER DATA'!$A$5:$A$10004>=EOMONTH($B$3,-1)+1)*('SUMBER DATA'!$A$5:$A$10004<=EOMONTH($B$3,0))*('SUMBER DATA'!$I$5:$I$10004<>"")),'SUMBER DATA'!$I$5:$I$10004),""))
A18: Medan Petisah | B18: =IF($B$3="","",IF($B$2="Harian",IFERROR(SUMIFS('SUMBER DATA'!$E$5:$E$10004,'SUMBER DATA'!$D$5:$D$10004,$A18,'SUMBER DATA'!$A$5:$A$10004,$B$3),0),IFERROR(SUMIFS('SUMBER DATA'!$E$5:$E$10004,'SUMBER DATA'!$D$5:$D$10004,$A18,'SUMBER DATA'!$A$5:$A$10004,">="&EOMONTH($B$3,-1)+1,'SUMBER DATA'!$A$5:$A$10004,"<="&EOMONTH($B$3,0)),0))) | C18: =IF($B$3="","",IF($B$2="Harian",IFERROR(SUMIFS('SUMBER DATA'!$F$5:$F$10004,'SUMBER DATA'!$D$5:$D$10004,$A18,'SUMBER DATA'!$A$5:$A$10004,$B$3),0),IFERROR(SUMIFS('SUMBER DATA'!$F$5:$F$10004,'SUMBER DATA'!$D$5:$D$10004,$A18,'SUMBER DATA'!$A$5:$A$10004,">="&EOMONTH($B$3,-1)+1,'SUMBER DATA'!$A$5:$A$10004,"<="&EOMONTH($B$3,0)),0))) | D18: =IF($B$3="","",IF($B$2="Harian",IFERROR(SUMIFS('SUMBER DATA'!$G$5:$G$10004,'SUMBER DATA'!$D$5:$D$10004,$A18,'SUMBER DATA'!$A$5:$A$10004,$B$3),0),IFERROR(SUMIFS('SUMBER DATA'!$G$5:$G$10004,'SUMBER DATA'!$D$5:$D$10004,$A18,'SUMBER DATA'!$A$5:$A$10004,">="&EOMONTH($B$3,-1)+1,'SUMBER DATA'!$A$5:$A$10004,"<="&EOMONTH($B$3,0)),0))) | E18: =IF($B$3="","",IF($B$2="Harian",IFERROR(SUMIFS('SUMBER DATA'!$H$5:$H$10004,'SUMBER DATA'!$D$5:$D$10004,$A18,'SUMBER DATA'!$A$5:$A$10004,$B$3),0),IFERROR(SUMIFS('SUMBER DATA'!$H$5:$H$10004,'SUMBER DATA'!$D$5:$D$10004,$A18,'SUMBER DATA'!$A$5:$A$10004,">="&EOMONTH($B$3,-1)+1,'SUMBER DATA'!$A$5:$A$10004,"<="&EOMONTH($B$3,0)),0))) | F18: =IFERROR(D18/C18,0) | G18: =IF($B$2="Harian",IFERROR(LOOKUP(2,1/(('SUMBER DATA'!$D$5:$D$10004=$A18)*('SUMBER DATA'!$A$5:$A$10004=$B$3)*('SUMBER DATA'!$I$5:$I$10004<>"")),'SUMBER DATA'!$I$5:$I$10004),""),IFERROR(LOOKUP(2,1/(('SUMBER DATA'!$D$5:$D$10004=$A18)*('SUMBER DATA'!$A$5:$A$10004>=EOMONTH($B$3,-1)+1)*('SUMBER DATA'!$A$5:$A$10004<=EOMONTH($B$3,0))*('SUMBER DATA'!$I$5:$I$10004<>"")),'SUMBER DATA'!$I$5:$I$10004),""))
A19: Medan Helvetia | B19: =IF($B$3="","",IF($B$2="Harian",IFERROR(SUMIFS('SUMBER DATA'!$E$5:$E$10004,'SUMBER DATA'!$D$5:$D$10004,$A19,'SUMBER DATA'!$A$5:$A$10004,$B$3),0),IFERROR(SUMIFS('SUMBER DATA'!$E$5:$E$10004,'SUMBER DATA'!$D$5:$D$10004,$A19,'SUMBER DATA'!$A$5:$A$10004,">="&EOMONTH($B$3,-1)+1,'SUMBER DATA'!$A$5:$A$10004,"<="&EOMONTH($B$3,0)),0))) | C19: =IF($B$3="","",IF($B$2="Harian",IFERROR(SUMIFS('SUMBER DATA'!$F$5:$F$10004,'SUMBER DATA'!$D$5:$D$10004,$A19,'SUMBER DATA'!$A$5:$A$10004,$B$3),0),IFERROR(SUMIFS('SUMBER DATA'!$F$5:$F$10004,'SUMBER DATA'!$D$5:$D$10004,$A19,'SUMBER DATA'!$A$5:$A$10004,">="&EOMONTH($B$3,-1)+1,'SUMBER DATA'!$A$5:$A$10004,"<="&EOMONTH($B$3,0)),0))) | D19: =IF($B$3="","",IF($B$2="Harian",IFERROR(SUMIFS('SUMBER DATA'!$G$5:$G$10004,'SUMBER DATA'!$D$5:$D$10004,$A19,'SUMBER DATA'!$A$5:$A$10004,$B$3),0),IFERROR(SUMIFS('SUMBER DATA'!$G$5:$G$10004,'SUMBER DATA'!$D$5:$D$10004,$A19,'SUMBER DATA'!$A$5:$A$10004,">="&EOMONTH($B$3,-1)+1,'SUMBER DATA'!$A$5:$A$10004,"<="&EOMONTH($B$3,0)),0))) | E19: =IF($B$3="","",IF($B$2="Harian",IFERROR(SUMIFS('SUMBER DATA'!$H$5:$H$10004,'SUMBER DATA'!$D$5:$D$10004,$A19,'SUMBER DATA'!$A$5:$A$10004,$B$3),0),IFERROR(SUMIFS('SUMBER DATA'!$H$5:$H$10004,'SUMBER DATA'!$D$5:$D$10004,$A19,'SUMBER DATA'!$A$5:$A$10004,">="&EOMONTH($B$3,-1)+1,'SUMBER DATA'!$A$5:$A$10004,"<="&EOMONTH($B$3,0)),0))) | F19: =IFERROR(D19/C19,0) | G19: =IF($B$2="Harian",IFERROR(LOOKUP(2,1/(('SUMBER DATA'!$D$5:$D$10004=$A19)*('SUMBER DATA'!$A$5:$A$10004=$B$3)*('SUMBER DATA'!$I$5:$I$10004<>"")),'SUMBER DATA'!$I$5:$I$10004),""),IFERROR(LOOKUP(2,1/(('SUMBER DATA'!$D$5:$D$10004=$A19)*('SUMBER DATA'!$A$5:$A$10004>=EOMONTH($B$3,-1)+1)*('SUMBER DATA'!$A$5:$A$10004<=EOMONTH($B$3,0))*('SUMBER DATA'!$I$5:$I$10004<>"")),'SUMBER DATA'!$I$5:$I$10004),""))
A20: UPT IV | B20: =SUM(B21:B23) | C20: =SUM(C21:C23) | D20: =SUM(D21:D23) | E20: =SUM(E21:E23) | F20: =IFERROR(D20/C20,0) | G20: ="Total "&A20
A21: Medan Barat | B21: =IF($B$3="","",IF($B$2="Harian",IFERROR(SUMIFS('SUMBER DATA'!$E$5:$E$10004,'SUMBER DATA'!$D$5:$D$10004,$A21,'SUMBER DATA'!$A$5:$A$10004,$B$3),0),IFERROR(SUMIFS('SUMBER DATA'!$E$5:$E$10004,'SUMBER DATA'!$D$5:$D$10004,$A21,'SUMBER DATA'!$A$5:$A$10004,">="&EOMONTH($B$3,-1)+1,'SUMBER DATA'!$A$5:$A$10004,"<="&EOMONTH($B$3,0)),0))) | C21: =IF($B$3="","",IF($B$2="Harian",IFERROR(SUMIFS('SUMBER DATA'!$F$5:$F$10004,'SUMBER DATA'!$D$5:$D$10004,$A21,'SUMBER DATA'!$A$5:$A$10004,$B$3),0),IFERROR(SUMIFS('SUMBER DATA'!$F$5:$F$10004,'SUMBER DATA'!$D$5:$D$10004,$A21,'SUMBER DATA'!$A$5:$A$10004,">="&EOMONTH($B$3,-1)+1,'SUMBER DATA'!$A$5:$A$10004,"<="&EOMONTH($B$3,0)),0))) | D21: =IF($B$3="","",IF($B$2="Harian",IFERROR(SUMIFS('SUMBER DATA'!$G$5:$G$10004,'SUMBER DATA'!$D$5:$D$10004,$A21,'SUMBER DATA'!$A$5:$A$10004,$B$3),0),IFERROR(SUMIFS('SUMBER DATA'!$G$5:$G$10004,'SUMBER DATA'!$D$5:$D$10004,$A21,'SUMBER DATA'!$A$5:$A$10004,">="&EOMONTH($B$3,-1)+1,'SUMBER DATA'!$A$5:$A$10004,"<="&EOMONTH($B$3,0)),0))) | E21: =IF($B$3="","",IF($B$2="Harian",IFERROR(SUMIFS('SUMBER DATA'!$H$5:$H$10004,'SUMBER DATA'!$D$5:$D$10004,$A21,'SUMBER DATA'!$A$5:$A$10004,$B$3),0),IFERROR(SUMIFS('SUMBER DATA'!$H$5:$H$10004,'SUMBER DATA'!$D$5:$D$10004,$A21,'SUMBER DATA'!$A$5:$A$10004,">="&EOMONTH($B$3,-1)+1,'SUMBER DATA'!$A$5:$A$10004,"<="&EOMONTH($B$3,0)),0))) | F21: =IFERROR(D21/C21,0) | G21: =IF($B$2="Harian",IFERROR(LOOKUP(2,1/(('SUMBER DATA'!$D$5:$D$10004=$A21)*('SUMBER DATA'!$A$5:$A$10004=$B$3)*('SUMBER DATA'!$I$5:$I$10004<>"")),'SUMBER DATA'!$I$5:$I$10004),""),IFERROR(LOOKUP(2,1/(('SUMBER DATA'!$D$5:$D$10004=$A21)*('SUMBER DATA'!$A$5:$A$10004>=EOMONTH($B$3,-1)+1)*('SUMBER DATA'!$A$5:$A$10004<=EOMONTH($B$3,0))*('SUMBER DATA'!$I$5:$I$10004<>"")),'SUMBER DATA'!$I$5:$I$10004),""))
A22: Medan Timur | B22: =IF($B$3="","",IF($B$2="Harian",IFERROR(SUMIFS('SUMBER DATA'!$E$5:$E$10004,'SUMBER DATA'!$D$5:$D$10004,$A22,'SUMBER DATA'!$A$5:$A$10004,$B$3),0),IFERROR(SUMIFS('SUMBER DATA'!$E$5:$E$10004,'SUMBER DATA'!$D$5:$D$10004,$A22,'SUMBER DATA'!$A$5:$A$10004,">="&EOMONTH($B$3,-1)+1,'SUMBER DATA'!$A$5:$A$10004,"<="&EOMONTH($B$3,0)),0))) | C22: =IF($B$3="","",IF($B$2="Harian",IFERROR(SUMIFS('SUMBER DATA'!$F$5:$F$10004,'SUMBER DATA'!$D$5:$D$10004,$A22,'SUMBER DATA'!$A$5:$A$10004,$B$3),0),IFERROR(SUMIFS('SUMBER DATA'!$F$5:$F$10004,'SUMBER DATA'!$D$5:$D$10004,$A22,'SUMBER DATA'!$A$5:$A$10004,">="&EOMONTH($B$3,-1)+1,'SUMBER DATA'!$A$5:$A$10004,"<="&EOMONTH($B$3,0)),0))) | D22: =IF($B$3="","",IF($B$2="Harian",IFERROR(SUMIFS('SUMBER DATA'!$G$5:$G$10004,'SUMBER DATA'!$D$5:$D$10004,$A22,'SUMBER DATA'!$A$5:$A$10004,$B$3),0),IFERROR(SUMIFS('SUMBER DATA'!$G$5:$G$10004,'SUMBER DATA'!$D$5:$D$10004,$A22,'SUMBER DATA'!$A$5:$A$10004,">="&EOMONTH($B$3,-1)+1,'SUMBER DATA'!$A$5:$A$10004,"<="&EOMONTH($B$3,0)),0))) | E22: =IF($B$3="","",IF($B$2="Harian",IFERROR(SUMIFS('SUMBER DATA'!$H$5:$H$10004,'SUMBER DATA'!$D$5:$D$10004,$A22,'SUMBER DATA'!$A$5:$A$10004,$B$3),0),IFERROR(SUMIFS('SUMBER DATA'!$H$5:$H$10004,'SUMBER DATA'!$D$5:$D$10004,$A22,'SUMBER DATA'!$A$5:$A$10004,">="&EOMONTH($B$3,-1)+1,'SUMBER DATA'!$A$5:$A$10004,"<="&EOMONTH($B$3,0)),0))) | F22: =IFERROR(D22/C22,0) | G22: =IF($B$2="Harian",IFERROR(LOOKUP(2,1/(('SUMBER DATA'!$D$5:$D$10004=$A22)*('SUMBER DATA'!$A$5:$A$10004=$B$3)*('SUMBER DATA'!$I$5:$I$10004<>"")),'SUMBER DATA'!$I$5:$I$10004),""),IFERROR(LOOKUP(2,1/(('SUMBER DATA'!$D$5:$D$10004=$A22)*('SUMBER DATA'!$A$5:$A$10004>=EOMONTH($B$3,-1)+1)*('SUMBER DATA'!$A$5:$A$10004<=EOMONTH($B$3,0))*('SUMBER DATA'!$I$5:$I$10004<>"")),'SUMBER DATA'!$I$5:$I$10004),""))
A23: Medan Deli | B23: =IF($B$3="","",IF($B$2="Harian",IFERROR(SUMIFS('SUMBER DATA'!$E$5:$E$10004,'SUMBER DATA'!$D$5:$D$10004,$A23,'SUMBER DATA'!$A$5:$A$10004,$B$3),0),IFERROR(SUMIFS('SUMBER DATA'!$E$5:$E$10004,'SUMBER DATA'!$D$5:$D$10004,$A23,'SUMBER DATA'!$A$5:$A$10004,">="&EOMONTH($B$3,-1)+1,'SUMBER DATA'!$A$5:$A$10004,"<="&EOMONTH($B$3,0)),0))) | C23: =IF($B$3="","",IF($B$2="Harian",IFERROR(SUMIFS('SUMBER DATA'!$F$5:$F$10004,'SUMBER DATA'!$D$5:$D$10004,$A23,'SUMBER DATA'!$A$5:$A$10004,$B$3),0),IFERROR(SUMIFS('SUMBER DATA'!$F$5:$F$10004,'SUMBER DATA'!$D$5:$D$10004,$A23,'SUMBER DATA'!$A$5:$A$10004,">="&EOMONTH($B$3,-1)+1,'SUMBER DATA'!$A$5:$A$10004,"<="&EOMONTH($B$3,0)),0))) | D23: =IF($B$3="","",IF($B$2="Harian",IFERROR(SUMIFS('SUMBER DATA'!$G$5:$G$10004,'SUMBER DATA'!$D$5:$D$10004,$A23,'SUMBER DATA'!$A$5:$A$10004,$B$3),0),IFERROR(SUMIFS('SUMBER DATA'!$G$5:$G$10004,'SUMBER DATA'!$D$5:$D$10004,$A23,'SUMBER DATA'!$A$5:$A$10004,">="&EOMONTH($B$3,-1)+1,'SUMBER DATA'!$A$5:$A$10004,"<="&EOMONTH($B$3,0)),0))) | E23: =IF($B$3="","",IF($B$2="Harian",IFERROR(SUMIFS('SUMBER DATA'!$H$5:$H$10004,'SUMBER DATA'!$D$5:$D$10004,$A23,'SUMBER DATA'!$A$5:$A$10004,$B$3),0),IFERROR(SUMIFS('SUMBER DATA'!$H$5:$H$10004,'SUMBER DATA'!$D$5:$D$10004,$A23,'SUMBER DATA'!$A$5:$A$10004,">="&EOMONTH($B$3,-1)+1,'SUMBER DATA'!$A$5:$A$10004,"<="&EOMONTH($B$3,0)),0))) | F23: =IFERROR(D23/C23,0) | G23: =IF($B$2="Harian",IFERROR(LOOKUP(2,1/(('SUMBER DATA'!$D$5:$D$10004=$A23)*('SUMBER DATA'!$A$5:$A$10004=$B$3)*('SUMBER DATA'!$I$5:$I$10004<>"")),'SUMBER DATA'!$I$5:$I$10004),""),IFERROR(LOOKUP(2,1/(('SUMBER DATA'!$D$5:$D$10004=$A23)*('SUMBER DATA'!$A$5:$A$10004>=EOMONTH($B$3,-1)+1)*('SUMBER DATA'!$A$5:$A$10004<=EOMONTH($B$3,0))*('SUMBER DATA'!$I$5:$I$10004<>"")),'SUMBER DATA'!$I$5:$I$10004),""))
A24: UPT V | B24: =SUM(B25:B27) | C24: =SUM(C25:C27) | D24: =SUM(D25:D27) | E24: =SUM(E25:E27) | F24: =IFERROR(D24/C24,0) | G24: ="Total "&A24
A25: Medan Baru | B25: =IF($B$3="","",IF($B$2="Harian",IFERROR(SUMIFS('SUMBER DATA'!$E$5:$E$10004,'SUMBER DATA'!$D$5:$D$10004,$A25,'SUMBER DATA'!$A$5:$A$10004,$B$3),0),IFERROR(SUMIFS('SUMBER DATA'!$E$5:$E$10004,'SUMBER DATA'!$D$5:$D$10004,$A25,'SUMBER DATA'!$A$5:$A$10004,">="&EOMONTH($B$3,-1)+1,'SUMBER DATA'!$A$5:$A$10004,"<="&EOMONTH($B$3,0)),0))) | C25: =IF($B$3="","",IF($B$2="Harian",IFERROR(SUMIFS('SUMBER DATA'!$F$5:$F$10004,'SUMBER DATA'!$D$5:$D$10004,$A25,'SUMBER DATA'!$A$5:$A$10004,$B$3),0),IFERROR(SUMIFS('SUMBER DATA'!$F$5:$F$10004,'SUMBER DATA'!$D$5:$D$10004,$A25,'SUMBER DATA'!$A$5:$A$10004,">="&EOMONTH($B$3,-1)+1,'SUMBER DATA'!$A$5:$A$10004,"<="&EOMONTH($B$3,0)),0))) | D25: =IF($B$3="","",IF($B$2="Harian",IFERROR(SUMIFS('SUMBER DATA'!$G$5:$G$10004,'SUMBER DATA'!$D$5:$D$10004,$A25,'SUMBER DATA'!$A$5:$A$10004,$B$3),0),IFERROR(SUMIFS('SUMBER DATA'!$G$5:$G$10004,'SUMBER DATA'!$D$5:$D$10004,$A25,'SUMBER DATA'!$A$5:$A$10004,">="&EOMONTH($B$3,-1)+1,'SUMBER DATA'!$A$5:$A$10004,"<="&EOMONTH($B$3,0)),0))) | E25: =IF($B$3="","",IF($B$2="Harian",IFERROR(SUMIFS('SUMBER DATA'!$H$5:$H$10004,'SUMBER DATA'!$D$5:$D$10004,$A25,'SUMBER DATA'!$A$5:$A$10004,$B$3),0),IFERROR(SUMIFS('SUMBER DATA'!$H$5:$H$10004,'SUMBER DATA'!$D$5:$D$10004,$A25,'SUMBER DATA'!$A$5:$A$10004,">="&EOMONTH($B$3,-1)+1,'SUMBER DATA'!$A$5:$A$10004,"<="&EOMONTH($B$3,0)),0))) | F25: =IFERROR(D25/C25,0) | G25: =IF($B$2="Harian",IFERROR(LOOKUP(2,1/(('SUMBER DATA'!$D$5:$D$10004=$A25)*('SUMBER DATA'!$A$5:$A$10004=$B$3)*('SUMBER DATA'!$I$5:$I$10004<>"")),'SUMBER DATA'!$I$5:$I$10004),""),IFERROR(LOOKUP(2,1/(('SUMBER DATA'!$D$5:$D$10004=$A25)*('SUMBER DATA'!$A$5:$A$10004>=EOMONTH($B$3,-1)+1)*('SUMBER DATA'!$A$5:$A$10004<=EOMONTH($B$3,0))*('SUMBER DATA'!$I$5:$I$10004<>"")),'SUMBER DATA'!$I$5:$I$10004),""))
A26: Medan Polonia | B26: =IF($B$3="","",IF($B$2="Harian",IFERROR(SUMIFS('SUMBER DATA'!$E$5:$E$10004,'SUMBER DATA'!$D$5:$D$10004,$A26,'SUMBER DATA'!$A$5:$A$10004,$B$3),0),IFERROR(SUMIFS('SUMBER DATA'!$E$5:$E$10004,'SUMBER DATA'!$D$5:$D$10004,$A26,'SUMBER DATA'!$A$5:$A$10004,">="&EOMONTH($B$3,-1)+1,'SUMBER DATA'!$A$5:$A$10004,"<="&EOMONTH($B$3,0)),0))) | C26: =IF($B$3="","",IF($B$2="Harian",IFERROR(SUMIFS('SUMBER DATA'!$F$5:$F$10004,'SUMBER DATA'!$D$5:$D$10004,$A26,'SUMBER DATA'!$A$5:$A$10004,$B$3),0),IFERROR(SUMIFS('SUMBER DATA'!$F$5:$F$10004,'SUMBER DATA'!$D$5:$D$10004,$A26,'SUMBER DATA'!$A$5:$A$10004,">="&EOMONTH($B$3,-1)+1,'SUMBER DATA'!$A$5:$A$10004,"<="&EOMONTH($B$3,0)),0))) | D26: =IF($B$3="","",IF($B$2="Harian",IFERROR(SUMIFS('SUMBER DATA'!$G$5:$G$10004,'SUMBER DATA'!$D$5:$D$10004,$A26,'SUMBER DATA'!$A$5:$A$10004,$B$3),0),IFERROR(SUMIFS('SUMBER DATA'!$G$5:$G$10004,'SUMBER DATA'!$D$5:$D$10004,$A26,'SUMBER DATA'!$A$5:$A$10004,">="&EOMONTH($B$3,-1)+1,'SUMBER DATA'!$A$5:$A$10004,"<="&EOMONTH($B$3,0)),0))) | E26: =IF($B$3="","",IF($B$2="Harian",IFERROR(SUMIFS('SUMBER DATA'!$H$5:$H$10004,'SUMBER DATA'!$D$5:$D$10004,$A26,'SUMBER DATA'!$A$5:$A$10004,$B$3),0),IFERROR(SUMIFS('SUMBER DATA'!$H$5:$H$10004,'SUMBER DATA'!$D$5:$D$10004,$A26,'SUMBER DATA'!$A$5:$A$10004,">="&EOMONTH($B$3,-1)+1,'SUMBER DATA'!$A$5:$A$10004,"<="&EOMONTH($B$3,0)),0))) | F26: =IFERROR(D26/C26,0) | G26: =IF($B$2="Harian",IFERROR(LOOKUP(2,1/(('SUMBER DATA'!$D$5:$D$10004=$A26)*('SUMBER DATA'!$A$5:$A$10004=$B$3)*('SUMBER DATA'!$I$5:$I$10004<>"")),'SUMBER DATA'!$I$5:$I$10004),""),IFERROR(LOOKUP(2,1/(('SUMBER DATA'!$D$5:$D$10004=$A26)*('SUMBER DATA'!$A$5:$A$10004>=EOMONTH($B$3,-1)+1)*('SUMBER DATA'!$A$5:$A$10004<=EOMONTH($B$3,0))*('SUMBER DATA'!$I$5:$I$10004<>"")),'SUMBER DATA'!$I$5:$I$10004),""))
A27: Medan Maimun | B27: =IF($B$3="","",IF($B$2="Harian",IFERROR(SUMIFS('SUMBER DATA'!$E$5:$E$10004,'SUMBER DATA'!$D$5:$D$10004,$A27,'SUMBER DATA'!$A$5:$A$10004,$B$3),0),IFERROR(SUMIFS('SUMBER DATA'!$E$5:$E$10004,'SUMBER DATA'!$D$5:$D$10004,$A27,'SUMBER DATA'!$A$5:$A$10004,">="&EOMONTH($B$3,-1)+1,'SUMBER DATA'!$A$5:$A$10004,"<="&EOMONTH($B$3,0)),0))) | C27: =IF($B$3="","",IF($B$2="Harian",IFERROR(SUMIFS('SUMBER DATA'!$F$5:$F$10004,'SUMBER DATA'!$D$5:$D$10004,$A27,'SUMBER DATA'!$A$5:$A$10004,$B$3),0),IFERROR(SUMIFS('SUMBER DATA'!$F$5:$F$10004,'SUMBER DATA'!$D$5:$D$10004,$A27,'SUMBER DATA'!$A$5:$A$10004,">="&EOMONTH($B$3,-1)+1,'SUMBER DATA'!$A$5:$A$10004,"<="&EOMONTH($B$3,0)),0))) | D27: =IF($B$3="","",IF($B$2="Harian",IFERROR(SUMIFS('SUMBER DATA'!$G$5:$G$10004,'SUMBER DATA'!$D$5:$D$10004,$A27,'SUMBER DATA'!$A$5:$A$10004,$B$3),0),IFERROR(SUMIFS('SUMBER DATA'!$G$5:$G$10004,'SUMBER DATA'!$D$5:$D$10004,$A27,'SUMBER DATA'!$A$5:$A$10004,">="&EOMONTH($B$3,-1)+1,'SUMBER DATA'!$A$5:$A$10004,"<="&EOMONTH($B$3,0)),0))) | E27: =IF($B$3="","",IF($B$2="Harian",IFERROR(SUMIFS('SUMBER DATA'!$H$5:$H$10004,'SUMBER DATA'!$D$5:$D$10004,$A27,'SUMBER DATA'!$A$5:$A$10004,$B$3),0),IFERROR(SUMIFS('SUMBER DATA'!$H$5:$H$10004,'SUMBER DATA'!$D$5:$D$10004,$A27,'SUMBER DATA'!$A$5:$A$10004,">="&EOMONTH($B$3,-1)+1,'SUMBER DATA'!$A$5:$A$10004,"<="&EOMONTH($B$3,0)),0))) | F27: =IFERROR(D27/C27,0) | G27: =IF($B$2="Harian",IFERROR(LOOKUP(2,1/(('SUMBER DATA'!$D$5:$D$10004=$A27)*('SUMBER DATA'!$A$5:$A$10004=$B$3)*('SUMBER DATA'!$I$5:$I$10004<>"")),'SUMBER DATA'!$I$5:$I$10004),""),IFERROR(LOOKUP(2,1/(('SUMBER DATA'!$D$5:$D$10004=$A27)*('SUMBER DATA'!$A$5:$A$10004>=EOMONTH($B$3,-1)+1)*('SUMBER DATA'!$A$5:$A$10004<=EOMONTH($B$3,0))*('SUMBER DATA'!$I$5:$I$10004<>"")),'SUMBER DATA'!$I$5:$I$10004),""))
A28: UPT VI | B28: =SUM(B29:B31) | C28: =SUM(C29:C31) | D28: =SUM(D29:D31) | E28: =SUM(E29:E31) | F28: =IFERROR(D28/C28,0) | G28: ="Total "&A28
A29: Medan Johor | B29: =IF($B$3="","",IF($B$2="Harian",IFERROR(SUMIFS('SUMBER DATA'!$E$5:$E$10004,'SUMBER DATA'!$D$5:$D$10004,$A29,'SUMBER DATA'!$A$5:$A$10004,$B$3),0),IFERROR(SUMIFS('SUMBER DATA'!$E$5:$E$10004,'SUMBER DATA'!$D$5:$D$10004,$A29,'SUMBER DATA'!$A$5:$A$10004,">="&EOMONTH($B$3,-1)+1,'SUMBER DATA'!$A$5:$A$10004,"<="&EOMONTH($B$3,0)),0))) | C29: =IF($B$3="","",IF($B$2="Harian",IFERROR(SUMIFS('SUMBER DATA'!$F$5:$F$10004,'SUMBER DATA'!$D$5:$D$10004,$A29,'SUMBER DATA'!$A$5:$A$10004,$B$3),0),IFERROR(SUMIFS('SUMBER DATA'!$F$5:$F$10004,'SUMBER DATA'!$D$5:$D$10004,$A29,'SUMBER DATA'!$A$5:$A$10004,">="&EOMONTH($B$3,-1)+1,'SUMBER DATA'!$A$5:$A$10004,"<="&EOMONTH($B$3,0)),0))) | D29: =IF($B$3="","",IF($B$2="Harian",IFERROR(SUMIFS('SUMBER DATA'!$G$5:$G$10004,'SUMBER DATA'!$D$5:$D$10004,$A29,'SUMBER DATA'!$A$5:$A$10004,$B$3),0),IFERROR(SUMIFS('SUMBER DATA'!$G$5:$G$10004,'SUMBER DATA'!$D$5:$D$10004,$A29,'SUMBER DATA'!$A$5:$A$10004,">="&EOMONTH($B$3,-1)+1,'SUMBER DATA'!$A$5:$A$10004,"<="&EOMONTH($B$3,0)),0))) | E29: =IF($B$3="","",IF($B$2="Harian",IFERROR(SUMIFS('SUMBER DATA'!$H$5:$H$10004,'SUMBER DATA'!$D$5:$D$10004,$A29,'SUMBER DATA'!$A$5:$A$10004,$B$3),0),IFERROR(SUMIFS('SUMBER DATA'!$H$5:$H$10004,'SUMBER DATA'!$D$5:$D$10004,$A29,'SUMBER DATA'!$A$5:$A$10004,">="&EOMONTH($B$3,-1)+1,'SUMBER DATA'!$A$5:$A$10004,"<="&EOMONTH($B$3,0)),0))) | F29: =IFERROR(D29/C29,0) | G29: =IF($B$2="Harian",IFERROR(LOOKUP(2,1/(('SUMBER DATA'!$D$5:$D$10004=$A29)*('SUMBER DATA'!$A$5:$A$10004=$B$3)*('SUMBER DATA'!$I$5:$I$10004<>"")),'SUMBER DATA'!$I$5:$I$10004),""),IFERROR(LOOKUP(2,1/(('SUMBER DATA'!$D$5:$D$10004=$A29)*('SUMBER DATA'!$A$5:$A$10004>=EOMONTH($B$3,-1)+1)*('SUMBER DATA'!$A$5:$A$10004<=EOMONTH($B$3,0))*('SUMBER DATA'!$I$5:$I$10004<>"")),'SUMBER DATA'!$I$5:$I$10004),""))
A30: Medan Selayang | B30: =IF($B$3="","",IF($B$2="Harian",IFERROR(SUMIFS('SUMBER DATA'!$E$5:$E$10004,'SUMBER DATA'!$D$5:$D$10004,$A30,'SUMBER DATA'!$A$5:$A$10004,$B$3),0),IFERROR(SUMIFS('SUMBER DATA'!$E$5:$E$10004,'SUMBER DATA'!$D$5:$D$10004,$A30,'SUMBER DATA'!$A$5:$A$10004,">="&EOMONTH($B$3,-1)+1,'SUMBER DATA'!$A$5:$A$10004,"<="&EOMONTH($B$3,0)),0))) | C30: =IF($B$3="","",IF($B$2="Harian",IFERROR(SUMIFS('SUMBER DATA'!$F$5:$F$10004,'SUMBER DATA'!$D$5:$D$10004,$A30,'SUMBER DATA'!$A$5:$A$10004,$B$3),0),IFERROR(SUMIFS('SUMBER DATA'!$F$5:$F$10004,'SUMBER DATA'!$D$5:$D$10004,$A30,'SUMBER DATA'!$A$5:$A$10004,">="&EOMONTH($B$3,-1)+1,'SUMBER DATA'!$A$5:$A$10004,"<="&EOMONTH($B$3,0)),0))) | D30: =IF($B$3="","",IF($B$2="Harian",IFERROR(SUMIFS('SUMBER DATA'!$G$5:$G$10004,'SUMBER DATA'!$D$5:$D$10004,$A30,'SUMBER DATA'!$A$5:$A$10004,$B$3),0),IFERROR(SUMIFS('SUMBER DATA'!$G$5:$G$10004,'SUMBER DATA'!$D$5:$D$10004,$A30,'SUMBER DATA'!$A$5:$A$10004,">="&EOMONTH($B$3,-1)+1,'SUMBER DATA'!$A$5:$A$10004,"<="&EOMONTH($B$3,0)),0))) | E30: =IF($B$3="","",IF($B$2="Harian",IFERROR(SUMIFS('SUMBER DATA'!$H$5:$H$10004,'SUMBER DATA'!$D$5:$D$10004,$A30,'SUMBER DATA'!$A$5:$A$10004,$B$3),0),IFERROR(SUMIFS('SUMBER DATA'!$H$5:$H$10004,'SUMBER DATA'!$D$5:$D$10004,$A30,'SUMBER DATA'!$A$5:$A$10004,">="&EOMONTH($B$3,-1)+1,'SUMBER DATA'!$A$5:$A$10004,"<="&EOMONTH($B$3,0)),0))) | F30: =IFERROR(D30/C30,0) | G30: =IF($B$2="Harian",IFERROR(LOOKUP(2,1/(('SUMBER DATA'!$D$5:$D$10004=$A30)*('SUMBER DATA'!$A$5:$A$10004=$B$3)*('SUMBER DATA'!$I$5:$I$10004<>"")),'SUMBER DATA'!$I$5:$I$10004),""),IFERROR(LOOKUP(2,1/(('SUMBER DATA'!$D$5:$D$10004=$A30)*('SUMBER DATA'!$A$5:$A$10004>=EOMONTH($B$3,-1)+1)*('SUMBER DATA'!$A$5:$A$10004<=EOMONTH($B$3,0))*('SUMBER DATA'!$I$5:$I$10004<>"")),'SUMBER DATA'!$I$5:$I$10004),""))
A31: Medan Tuntungan | B31: =IF($B$3="","",IF($B$2="Harian",IFERROR(SUMIFS('SUMBER DATA'!$E$5:$E$10004,'SUMBER DATA'!$D$5:$D$10004,$A31,'SUMBER DATA'!$A$5:$A$10004,$B$3),0),IFERROR(SUMIFS('SUMBER DATA'!$E$5:$E$10004,'SUMBER DATA'!$D$5:$D$10004,$A31,'SUMBER DATA'!$A$5:$A$10004,">="&EOMONTH($B$3,-1)+1,'SUMBER DATA'!$A$5:$A$10004,"<="&EOMONTH($B$3,0)),0))) | C31: =IF($B$3="","",IF($B$2="Harian",IFERROR(SUMIFS('SUMBER DATA'!$F$5:$F$10004,'SUMBER DATA'!$D$5:$D$10004,$A31,'SUMBER DATA'!$A$5:$A$10004,$B$3),0),IFERROR(SUMIFS('SUMBER DATA'!$F$5:$F$10004,'SUMBER DATA'!$D$5:$D$10004,$A31,'SUMBER DATA'!$A$5:$A$10004,">="&EOMONTH($B$3,-1)+1,'SUMBER DATA'!$A$5:$A$10004,"<="&EOMONTH($B$3,0)),0))) | D31: =IF($B$3="","",IF($B$2="Harian",IFERROR(SUMIFS('SUMBER DATA'!$G$5:$G$10004,'SUMBER DATA'!$D$5:$D$10004,$A31,'SUMBER DATA'!$A$5:$A$10004,$B$3),0),IFERROR(SUMIFS('SUMBER DATA'!$G$5:$G$10004,'SUMBER DATA'!$D$5:$D$10004,$A31,'SUMBER DATA'!$A$5:$A$10004,">="&EOMONTH($B$3,-1)+1,'SUMBER DATA'!$A$5:$A$10004,"<="&EOMONTH($B$3,0)),0))) | E31: =IF($B$3="","",IF($B$2="Harian",IFERROR(SUMIFS('SUMBER DATA'!$H$5:$H$10004,'SUMBER DATA'!$D$5:$D$10004,$A31,'SUMBER DATA'!$A$5:$A$10004,$B$3),0),IFERROR(SUMIFS('SUMBER DATA'!$H$5:$H$10004,'SUMBER DATA'!$D$5:$D$10004,$A31,'SUMBER DATA'!$A$5:$A$10004,">="&EOMONTH($B$3,-1)+1,'SUMBER DATA'!$A$5:$A$10004,"<="&EOMONTH($B$3,0)),0))) | F31: =IFERROR(D31/C31,0) | G31: =IF($B$2="Harian",IFERROR(LOOKUP(2,1/(('SUMBER DATA'!$D$5:$D$10004=$A31)*('SUMBER DATA'!$A$5:$A$10004=$B$3)*('SUMBER DATA'!$I$5:$I$10004<>"")),'SUMBER DATA'!$I$5:$I$10004),""),IFERROR(LOOKUP(2,1/(('SUMBER DATA'!$D$5:$D$10004=$A31)*('SUMBER DATA'!$A$5:$A$10004>=EOMONTH($B$3,-1)+1)*('SUMBER DATA'!$A$5:$A$10004<=EOMONTH($B$3,0))*('SUMBER DATA'!$I$5:$I$10004<>"")),'SUMBER DATA'!$I$5:$I$10004),""))
A32: UPT VII | B32: =SUM(B33:B35) | C32: =SUM(C33:C35) | D32: =SUM(D33:D35) | E32: =SUM(E33:E35) | F32: =IFERROR(D32/C32,0) | G32: ="Total "&A32
A33: Medan Belawan | B33: =IF($B$3="","",IF($B$2="Harian",IFERROR(SUMIFS('SUMBER DATA'!$E$5:$E$10004,'SUMBER DATA'!$D$5:$D$10004,$A33,'SUMBER DATA'!$A$5:$A$10004,$B$3),0),IFERROR(SUMIFS('SUMBER DATA'!$E$5:$E$10004,'SUMBER DATA'!$D$5:$D$10004,$A33,'SUMBER DATA'!$A$5:$A$10004,">="&EOMONTH($B$3,-1)+1,'SUMBER DATA'!$A$5:$A$10004,"<="&EOMONTH($B$3,0)),0))) | C33: =IF($B$3="","",IF($B$2="Harian",IFERROR(SUMIFS('SUMBER DATA'!$F$5:$F$10004,'SUMBER DATA'!$D$5:$D$10004,$A33,'SUMBER DATA'!$A$5:$A$10004,$B$3),0),IFERROR(SUMIFS('SUMBER DATA'!$F$5:$F$10004,'SUMBER DATA'!$D$5:$D$10004,$A33,'SUMBER DATA'!$A$5:$A$10004,">="&EOMONTH($B$3,-1)+1,'SUMBER DATA'!$A$5:$A$10004,"<="&EOMONTH($B$3,0)),0))) | D33: =IF($B$3="","",IF($B$2="Harian",IFERROR(SUMIFS('SUMBER DATA'!$G$5:$G$10004,'SUMBER DATA'!$D$5:$D$10004,$A33,'SUMBER DATA'!$A$5:$A$10004,$B$3),0),IFERROR(SUMIFS('SUMBER DATA'!$G$5:$G$10004,'SUMBER DATA'!$D$5:$D$10004,$A33,'SUMBER DATA'!$A$5:$A$10004,">="&EOMONTH($B$3,-1)+1,'SUMBER DATA'!$A$5:$A$10004,"<="&EOMONTH($B$3,0)),0))) | E33: =IF($B$3="","",IF($B$2="Harian",IFERROR(SUMIFS('SUMBER DATA'!$H$5:$H$10004,'SUMBER DATA'!$D$5:$D$10004,$A33,'SUMBER DATA'!$A$5:$A$10004,$B$3),0),IFERROR(SUMIFS('SUMBER DATA'!$H$5:$H$10004,'SUMBER DATA'!$D$5:$D$10004,$A33,'SUMBER DATA'!$A$5:$A$10004,">="&EOMONTH($B$3,-1)+1,'SUMBER DATA'!$A$5:$A$10004,"<="&EOMONTH($B$3,0)),0))) | F33: =IFERROR(D33/C33,0) | G33: =IF($B$2="Harian",IFERROR(LOOKUP(2,1/(('SUMBER DATA'!$D$5:$D$10004=$A33)*('SUMBER DATA'!$A$5:$A$10004=$B$3)*('SUMBER DATA'!$I$5:$I$10004<>"")),'SUMBER DATA'!$I$5:$I$10004),""),IFERROR(LOOKUP(2,1/(('SUMBER DATA'!$D$5:$D$10004=$A33)*('SUMBER DATA'!$A$5:$A$10004>=EOMONTH($B$3,-1)+1)*('SUMBER DATA'!$A$5:$A$10004<=EOMONTH($B$3,0))*('SUMBER DATA'!$I$5:$I$10004<>"")),'SUMBER DATA'!$I$5:$I$10004),""))
A34: Medan Marelan | B34: =IF($B$3="","",IF($B$2="Harian",IFERROR(SUMIFS('SUMBER DATA'!$E$5:$E$10004,'SUMBER DATA'!$D$5:$D$10004,$A34,'SUMBER DATA'!$A$5:$A$10004,$B$3),0),IFERROR(SUMIFS('SUMBER DATA'!$E$5:$E$10004,'SUMBER DATA'!$D$5:$D$10004,$A34,'SUMBER DATA'!$A$5:$A$10004,">="&EOMONTH($B$3,-1)+1,'SUMBER DATA'!$A$5:$A$10004,"<="&EOMONTH($B$3,0)),0))) | C34: =IF($B$3="","",IF($B$2="Harian",IFERROR(SUMIFS('SUMBER DATA'!$F$5:$F$10004,'SUMBER DATA'!$D$5:$D$10004,$A34,'SUMBER DATA'!$A$5:$A$10004,$B$3),0),IFERROR(SUMIFS('SUMBER DATA'!$F$5:$F$10004,'SUMBER DATA'!$D$5:$D$10004,$A34,'SUMBER DATA'!$A$5:$A$10004,">="&EOMONTH($B$3,-1)+1,'SUMBER DATA'!$A$5:$A$10004,"<="&EOMONTH($B$3,0)),0))) | D34: =IF($B$3="","",IF($B$2="Harian",IFERROR(SUMIFS('SUMBER DATA'!$G$5:$G$10004,'SUMBER DATA'!$D$5:$D$10004,$A34,'SUMBER DATA'!$A$5:$A$10004,$B$3),0),IFERROR(SUMIFS('SUMBER DATA'!$G$5:$G$10004,'SUMBER DATA'!$D$5:$D$10004,$A34,'SUMBER DATA'!$A$5:$A$10004,">="&EOMONTH($B$3,-1)+1,'SUMBER DATA'!$A$5:$A$10004,"<="&EOMONTH($B$3,0)),0))) | E34: =IF($B$3="","",IF($B$2="Harian",IFERROR(SUMIFS('SUMBER DATA'!$H$5:$H$10004,'SUMBER DATA'!$D$5:$D$10004,$A34,'SUMBER DATA'!$A$5:$A$10004,$B$3),0),IFERROR(SUMIFS('SUMBER DATA'!$H$5:$H$10004,'SUMBER DATA'!$D$5:$D$10004,$A34,'SUMBER DATA'!$A$5:$A$10004,">="&EOMONTH($B$3,-1)+1,'SUMBER DATA'!$A$5:$A$10004,"<="&EOMONTH($B$3,0)),0))) | F34: =IFERROR(D34/C34,0) | G34: =IF($B$2="Harian",IFERROR(LOOKUP(2,1/(('SUMBER DATA'!$D$5:$D$10004=$A34)*('SUMBER DATA'!$A$5:$A$10004=$B$3)*('SUMBER DATA'!$I$5:$I$10004<>"")),'SUMBER DATA'!$I$5:$I$10004),""),IFERROR(LOOKUP(2,1/(('SUMBER DATA'!$D$5:$D$10004=$A34)*('SUMBER DATA'!$A$5:$A$10004>=EOMONTH($B$3,-1)+1)*('SUMBER DATA'!$A$5:$A$10004<=EOMONTH($B$3,0))*('SUMBER DATA'!$I$5:$I$10004<>"")),'SUMBER DATA'!$I$5:$I$10004),""))
A35: Medan Labuhan | B35: =IF($B$3="","",IF($B$2="Harian",IFERROR(SUMIFS('SUMBER DATA'!$E$5:$E$10004,'SUMBER DATA'!$D$5:$D$10004,$A35,'SUMBER DATA'!$A$5:$A$10004,$B$3),0),IFERROR(SUMIFS('SUMBER DATA'!$E$5:$E$10004,'SUMBER DATA'!$D$5:$D$10004,$A35,'SUMBER DATA'!$A$5:$A$10004,">="&EOMONTH($B$3,-1)+1,'SUMBER DATA'!$A$5:$A$10004,"<="&EOMONTH($B$3,0)),0))) | C35: =IF($B$3="","",IF($B$2="Harian",IFERROR(SUMIFS('SUMBER DATA'!$F$5:$F$10004,'SUMBER DATA'!$D$5:$D$10004,$A35,'SUMBER DATA'!$A$5:$A$10004,$B$3),0),IFERROR(SUMIFS('SUMBER DATA'!$F$5:$F$10004,'SUMBER DATA'!$D$5:$D$10004,$A35,'SUMBER DATA'!$A$5:$A$10004,">="&EOMONTH($B$3,-1)+1,'SUMBER DATA'!$A$5:$A$10004,"<="&EOMONTH($B$3,0)),0))) | D35: =IF($B$3="","",IF($B$2="Harian",IFERROR(SUMIFS('SUMBER DATA'!$G$5:$G$10004,'SUMBER DATA'!$D$5:$D$10004,$A35,'SUMBER DATA'!$A$5:$A$10004,$B$3),0),IFERROR(SUMIFS('SUMBER DATA'!$G$5:$G$10004,'SUMBER DATA'!$D$5:$D$10004,$A35,'SUMBER DATA'!$A$5:$A$10004,">="&EOMONTH($B$3,-1)+1,'SUMBER DATA'!$A$5:$A$10004,"<="&EOMONTH($B$3,0)),0))) | E35: =IF($B$3="","",IF($B$2="Harian",IFERROR(SUMIFS('SUMBER DATA'!$H$5:$H$10004,'SUMBER DATA'!$D$5:$D$10004,$A35,'SUMBER DATA'!$A$5:$A$10004,$B$3),0),IFERROR(SUMIFS('SUMBER DATA'!$H$5:$H$10004,'SUMBER DATA'!$D$5:$D$10004,$A35,'SUMBER DATA'!$A$5:$A$10004,">="&EOMONTH($B$3,-1)+1,'SUMBER DATA'!$A$5:$A$10004,"<="&EOMONTH($B$3,0)),0))) | F35: =IFERROR(D35/C35,0) | G35: =IF($B$2="Harian",IFERROR(LOOKUP(2,1/(('SUMBER DATA'!$D$5:$D$10004=$A35)*('SUMBER DATA'!$A$5:$A$10004=$B$3)*('SUMBER DATA'!$I$5:$I$10004<>"")),'SUMBER DATA'!$I$5:$I$10004),""),IFERROR(LOOKUP(2,1/(('SUMBER DATA'!$D$5:$D$10004=$A35)*('SUMBER DATA'!$A$5:$A$10004>=EOMONTH($B$3,-1)+1)*('SUMBER DATA'!$A$5:$A$10004<=EOMONTH($B$3,0))*('SUMBER DATA'!$I$5:$I$10004<>"")),'SUMBER DATA'!$I$5:$I$10004),""))
A36: GRAND TOTAL | B36: =SUM(B8,B12,B16,B20,B24,B28,B32) | C36: =SUM(C8,C12,C16,C20,C24,C28,C32) | D36: =SUM(D8,D12,D16,D20,D24,D28,D32) | E36: =SUM(E8,E12,E16,E20,E24,E28,E32) | F36: =IFERROR(D36/C36,0) | G36: =IF(B2="Harian","Total harian","Total bulanan")

Sheet PETUNJUK
A1: CARA PAKAI
A3: 1 | B3: Input data hanya di sheet KECAMATAN.
A4: 2 | B4: Satu baris adalah satu kecamatan pada satu tanggal.
A5: 3 | B5: Klik panah filter di kolom Tanggal untuk menampilkan tanggal tertentu.
A6: 4 | B6: Sheet SUMBER DATA menyalin input secara otomatis; jangan diketik manual.
A7: 5 | B7: Sheet LAPORAN membuat rekap Harian atau Bulanan dari SUMBER DATA.
A8: 6 | B8: Tanggal + Kecamatan yang sama ditandai merah karena akan dijumlahkan ganda.
