Workbook

Sheet KECAMATAN
A1: LAPORAN HARIAN UPT / KECAMATAN
A2: HARI INI | B2: =CHOOSE(WEEKDAY(TODAY()),"Minggu","Senin","Selasa","Rabu","Kamis","Jumat","Sabtu") | C2: TANGGAL HARI INI | D2: =TODAY() | E2: PERIODE DATA | F2: 1 Januari - 31 Desember 2026
A3: INPUT LANGSUNG DI TABEL INI. KLIK DROPDOWN TANGGAL DI SEL A6, hapus centang Pilih Semua, lalu pilih tanggal 1 sampai akhir bulan.
A5: FILTER TANGGAL ↓ | B5: Wilayah | C5: Petugas | D5: Target | E5: Realisasi | G5: Capaian | H5: Catatan
A6: Tanggal | B6: UPT / Kecamatan | C6: Jumlah Petugas | D6: Target WP | E6: Jumlah SPPT | F6: Jumlah RP | G6: Persentase | H6: Keterangan
A7: 46023 | B7: UPT I | C7: =SUM(C8:C10) | D7: =SUM(D8:D10) | E7: =SUM(E8:E10) | F7: =SUM(F8:F10) | G7: =IFERROR(E7/D7,0) | H7: Total UPT I
A8: 46023 | B8: Medan Amplas | C8: 0 | D8: 0 | E8: 0 | F8: 0 | G8: =IFERROR(E8/D8,0)
A9: 46023 | B9: Medan Area | C9: 0 | D9: 0 | E9: 0 | F9: 0 | G9: =IFERROR(E9/D9,0)
A10: 46023 | B10: Medan Kota | C10: 0 | D10: 0 | E10: 0 | F10: 0 | G10: =IFERROR(E10/D10,0)
A11: 46023 | B11: UPT II | C11: =SUM(C12:C14) | D11: =SUM(D12:D14) | E11: =SUM(E12:E14) | F11: =SUM(F12:F14) | G11: =IFERROR(E11/D11,0) | H11: Total UPT II
A12: 46023 | B12: Medan Tembung | C12: 0 | D12: 0 | E12: 0 | F12: 0 | G12: =IFERROR(E12/D12,0)
A13: 46023 | B13: Medan Perjuangan | C13: 0 | D13: 0 | E13: 0 | F13: 0 | G13: =IFERROR(E13/D13,0)
A14: 46023 | B14: Medan Denai | C14: 0 | D14: 0 | E14: 0 | F14: 0 | G14: =IFERROR(E14/D14,0)
A15: 46023 | B15: UPT III | C15: =SUM(C16:C18) | D15: =SUM(D16:D18) | E15: =SUM(E16:E18) | F15: =SUM(F16:F18) | G15: =IFERROR(E15/D15,0) | H15: Total UPT III
A16: 46023 | B16: Medan Sunggal | C16: 0 | D16: 0 | E16: 0 | F16: 0 | G16: =IFERROR(E16/D16,0)
A17: 46023 | B17: Medan Petisah | C17: 0 | D17: 0 | E17: 0 | F17: 0 | G17: =IFERROR(E17/D17,0)
A18: 46023 | B18: Medan Helvetia | C18: 0 | D18: 0 | E18: 0 | F18: 0 | G18: =IFERROR(E18/D18,0)
A19: 46023 | B19: UPT IV | C19: =SUM(C20:C22) | D19: =SUM(D20:D22) | E19: =SUM(E20:E22) | F19: =SUM(F20:F22) | G19: =IFERROR(E19/D19,0) | H19: Total UPT IV
A20: 46023 | B20: Medan Barat | C20: 0 | D20: 0 | E20: 0 | F20: 0 | G20: =IFERROR(E20/D20,0)
A21: 46023 | B21: Medan Timur | C21: 0 | D21: 0 | E21: 0 | F21: 0 | G21: =IFERROR(E21/D21,0)
A22: 46023 | B22: Medan Deli | C22: 0 | D22: 0 | E22: 0 | F22: 0 | G22: =IFERROR(E22/D22,0)
A23: 46023 | B23: UPT V | C23: =SUM(C24:C26) | D23: =SUM(D24:D26) | E23: =SUM(E24:E26) | F23: =SUM(F24:F26) | G23: =IFERROR(E23/D23,0) | H23: Total UPT V
A24: 46023 | B24: Medan Baru | C24: 0 | D24: 0 | E24: 0 | F24: 0 | G24: =IFERROR(E24/D24,0)
A25: 46023 | B25: Medan Polonia | C25: 0 | D25: 0 | E25: 0 | F25: 0 | G25: =IFERROR(E25/D25,0)
A26: 46023 | B26: Medan Maimun | C26: 0 | D26: 0 | E26: 0 | F26: 0 | G26: =IFERROR(E26/D26,0)
A27: 46023 | B27: UPT VI | C27: =SUM(C28:C30) | D27: =SUM(D28:D30) | E27: =SUM(E28:E30) | F27: =SUM(F28:F30) | G27: =IFERROR(E27/D27,0) | H27: Total UPT VI
A28: 46023 | B28: Medan Johor | C28: 0 | D28: 0 | E28: 0 | F28: 0 | G28: =IFERROR(E28/D28,0)
A29: 46023 | B29: Medan Selayang | C29: 0 | D29: 0 | E29: 0 | F29: 0 | G29: =IFERROR(E29/D29,0)
A30: 46023 | B30: Medan Tuntungan | C30: 0 | D30: 0 | E30: 0 | F30: 0 | G30: =IFERROR(E30/D30,0)
A31: 46023 | B31: UPT VII | C31: =SUM(C32:C34) | D31: =SUM(D32:D34) | E31: =SUM(E32:E34) | F31: =SUM(F32:F34) | G31: =IFERROR(E31/D31,0) | H31: Total UPT VII
A32: 46023 | B32: Medan Belawan | C32: 0 | D32: 0 | E32: 0 | F32: 0 | G32: =IFERROR(E32/D32,0)
A33: 46023 | B33: Medan Marelan | C33: 0 | D33: 0 | E33: 0 | F33: 0 | G33: =IFERROR(E33/D33,0)
A34: 46023 | B34: Medan Labuhan | C34: 0 | D34: 0 | E34: 0 | F34: 0 | G34: =IFERROR(E34/D34,0)
A35: 46023 | B35: GRAND TOTAL | C35: =SUM(C7,C11,C15,C19,C23,C27,C31) | D35: =SUM(D7,D11,D15,D19,D23,D27,D31) | E35: =SUM(E7,E11,E15,E19,E23,E27,E31) | F35: =SUM(F7,F11,F15,F19,F23,F27,F31) | G35: =IFERROR(E35/D35,0) | H35: Total Harian
A36: 46024 | B36: UPT I | C36: =SUM(C37:C39) | D36: =SUM(D37:D39) | E36: =SUM(E37:E39) | F36: =SUM(F37:F39) | G36: =IFERROR(E36/D36,0) | H36: Total UPT I
A37: 46024 | B37: Medan Amplas | C37: 0 | D37: 0 | E37: 0 | F37: 0 | G37: =IFERROR(E37/D37,0)
A38: 46024 | B38: Medan Area | C38: 0 | D38: 0 | E38: 0 | F38: 0 | G38: =IFERROR(E38/D38,0)
A39: 46024 | B39: Medan Kota | C39: 0 | D39: 0 | E39: 0 | F39: 0 | G39: =IFERROR(E39/D39,0)
A40: 46024 | B40: UPT II | C40: =SUM(C41:C43) | D40: =SUM(D41:D43) | E40: =SUM(E41:E43) | F40: =SUM(F41:F43) | G40: =IFERROR(E40/D40,0) | H40: Total UPT II
A41: 46024 | B41: Medan Tembung | C41: 0 | D41: 0 | E41: 0 | F41: 0 | G41: =IFERROR(E41/D41,0)
A42: 46024 | B42: Medan Perjuangan | C42: 0 | D42: 0 | E42: 0 | F42: 0 | G42: =IFERROR(E42/D42,0)
A43: 46024 | B43: Medan Denai | C43: 0 | D43: 0 | E43: 0 | F43: 0 | G43: =IFERROR(E43/D43,0)
A44: 46024 | B44: UPT III | C44: =SUM(C45:C47) | D44: =SUM(D45:D47) | E44: =SUM(E45:E47) | F44: =SUM(F45:F47) | G44: =IFERROR(E44/D44,0) | H44: Total UPT III
A45: 46024 | B45: Medan Sunggal | C45: 0 | D45: 0 | E45: 0 | F45: 0 | G45: =IFERROR(E45/D45,0)
A46: 46024 | B46: Medan Petisah | C46: 0 | D46: 0 | E46: 0 | F46: 0 | G46: =IFERROR(E46/D46,0)
A47: 46024 | B47: Medan Helvetia | C47: 0 | D47: 0 | E47: 0 | F47: 0 | G47: =IFERROR(E47/D47,0)
A48: 46024 | B48: UPT IV | C48: =SUM(C49:C51) | D48: =SUM(D49:D51) | E48: =SUM(E49:E51) | F48: =SUM(F49:F51) | G48: =IFERROR(E48/D48,0) | H48: Total UPT IV
A49: 46024 | B49: Medan Barat | C49: 0 | D49: 0 | E49: 0 | F49: 0 | G49: =IFERROR(E49/D49,0)
A50: 46024 | B50: Medan Timur | C50: 0 | D50: 0 | E50: 0 | F50: 0 | G50: =IFERROR(E50/D50,0)
A51: 46024 | B51: Medan Deli | C51: 0 | D51: 0 | E51: 0 | F51: 0 | G51: =IFERROR(E51/D51,0)
A52: 46024 | B52: UPT V | C52: =SUM(C53:C55) | D52: =SUM(D53:D55) | E52: =SUM(E53:E55) | F52: =SUM(F53:F55) | G52: =IFERROR(E52/D52,0) | H52: Total UPT V
A53: 46024 | B53: Medan Baru | C53: 0 | D53: 0 | E53: 0 | F53: 0 | G53: =IFERROR(E53/D53,0)
A54: 46024 | B54: Medan Polonia | C54: 0 | D54: 0 | E54: 0 | F54: 0 | G54: =IFERROR(E54/D54,0)
A55: 46024 | B55: Medan Maimun | C55: 0 | D55: 0 | E55: 0 | F55: 0 | G55: =IFERROR(E55/D55,0)
A56: 46024 | B56: UPT VI | C56: =SUM(C57:C59) | D56: =SUM(D57:D59) | E56: =SUM(E57:E59) | F56: =SUM(F57:F59) | G56: =IFERROR(E56/D56,0) | H56: Total UPT VI
A57: 46024 | B57: Medan Johor | C57: 0 | D57: 0 | E57: 0 | F57: 0 | G57: =IFERROR(E57/D57,0)
A58: 46024 | B58: Medan Selayang | C58: 0 | D58: 0 | E58: 0 | F58: 0 | G58: =IFERROR(E58/D58,0)
A59: 46024 | B59: Medan Tuntungan | C59: 0 | D59: 0 | E59: 0 | F59: 0 | G59: =IFERROR(E59/D59,0)
A60: 46024 | B60: UPT VII | C60: =SUM(C61:C63) | D60: =SUM(D61:D63) | E60: =SUM(E61:E63) | F60: =SUM(F61:F63) | G60: =IFERROR(E60/D60,0) | H60: Total UPT VII
A61: 46024 | B61: Medan Belawan | C61: 0 | D61: 0 | E61: 0 | F61: 0 | G61: =IFERROR(E61/D61,0)
A62: 46024 | B62: Medan Marelan | C62: 0 | D62: 0 | E62: 0 | F62: 0 | G62: =IFERROR(E62/D62,0)
A63: 46024 | B63: Medan Labuhan | C63: 0 | D63: 0 | E63: 0 | F63: 0 | G63: =IFERROR(E63/D63,0)
A64: 46024 | B64: GRAND TOTAL | C64: =SUM(C36,C40,C44,C48,C52,C56,C60) | D64: =SUM(D36,D40,D44,D48,D52,D56,D60) | E64: =SUM(E36,E40,E44,E48,E52,E56,E60) | F64: =SUM(F36,F40,F44,F48,F52,F56,F60) | G64: =IFERROR(E64/D64,0) | H64: Total Harian
A65: 46025 | B65: UPT I | C65: =SUM(C66:C68) | D65: =SUM(D66:D68) | E65: =SUM(E66:E68) | F65: =SUM(F66:F68) | G65: =IFERROR(E65/D65,0) | H65: Total UPT I
A66: 46025 | B66: Medan Amplas | C66: 0 | D66: 0 | E66: 0 | F66: 0 | G66: =IFERROR(E66/D66,0)
A67: 46025 | B67: Medan Area | C67: 0 | D67: 0 | E67: 0 | F67: 0 | G67: =IFERROR(E67/D67,0)
A68: 46025 | B68: Medan Kota | C68: 0 | D68: 0 | E68: 0 | F68: 0 | G68: =IFERROR(E68/D68,0)
A69: 46025 | B69: UPT II | C69: =SUM(C70:C72) | D69: =SUM(D70:D72) | E69: =SUM(E70:E72) | F69: =SUM(F70:F72) | G69: =IFERROR(E69/D69,0) | H69: Total UPT II
A70: 46025 | B70: Medan Tembung | C70: 0 | D70: 0 | E70: 0 | F70: 0 | G70: =IFERROR(E70/D70,0)
A71: 46025 | B71: Medan Perjuangan | C71: 0 | D71: 0 | E71: 0 | F71: 0 | G71: =IFERROR(E71/D71,0)
A72: 46025 | B72: Medan Denai | C72: 0 | D72: 0 | E72: 0 | F72: 0 | G72: =IFERROR(E72/D72,0)
A73: 46025 | B73: UPT III | C73: =SUM(C74:C76) | D73: =SUM(D74:D76) | E73: =SUM(E74:E76) | F73: =SUM(F74:F76) | G73: =IFERROR(E73/D73,0) | H73: Total UPT III
A74: 46025 | B74: Medan Sunggal | C74: 0 | D74: 0 | E74: 0 | F74: 0 | G74: =IFERROR(E74/D74,0)
A75: 46025 | B75: Medan Petisah | C75: 0 | D75: 0 | E75: 0 | F75: 0 | G75: =IFERROR(E75/D75,0)
A76: 46025 | B76: Medan Helvetia | C76: 0 | D76: 0 | E76: 0 | F76: 0 | G76: =IFERROR(E76/D76,0)
A77: 46025 | B77: UPT IV | C77: =SUM(C78:C80) | D77: =SUM(D78:D80) | E77: =SUM(E78:E80) | F77: =SUM(F78:F80) | G77: =IFERROR(E77/D77,0) | H77: Total UPT IV
A78: 46025 | B78: Medan Barat | C78: 0 | D78: 0 | E78: 0 | F78: 0 | G78: =IFERROR(E78/D78,0)
A79: 46025 | B79: Medan Timur | C79: 0 | D79: 0 | E79: 0 | F79: 0 | G79: =IFERROR(E79/D79,0)
A80: 46025 | B80: Medan Deli | C80: 0 | D80: 0 | E80: 0 | F80: 0 | G80: =IFERROR(E80/D80,0)
A81: 46025 | B81: UPT V | C81: =SUM(C82:C84) | D81: =SUM(D82:D84) | E81: =SUM(E82:E84) | F81: =SUM(F82:F84) | G81: =IFERROR(E81/D81,0) | H81: Total UPT V
A82: 46025 | B82: Medan Baru | C82: 0 | D82: 0 | E82: 0 | F82: 0 | G82: =IFERROR(E82/D82,0)
A83: 46025 | B83: Medan Polonia | C83: 0 | D83: 0 | E83: 0 | F83: 0 | G83: =IFERROR(E83/D83,0)
A84: 46025 | B84: Medan Maimun | C84: 0 | D84: 0 | E84: 0 | F84: 0 | G84: =IFERROR(E84/D84,0)
A85: 46025 | B85: UPT VI | C85: =SUM(C86:C88) | D85: =SUM(D86:D88) | E85: =SUM(E86:E88) | F85: =SUM(F86:F88) | G85: =IFERROR(E85/D85,0) | H85: Total UPT VI
A86: 46025 | B86: Medan Johor | C86: 0 | D86: 0 | E86: 0 | F86: 0 | G86: =IFERROR(E86/D86,0)
A87: 46025 | B87: Medan Selayang | C87: 0 | D87: 0 | E87: 0 | F87: 0 | G87: =IFERROR(E87/D87,0)
A88: 46025 | B88: Medan Tuntungan | C88: 0 | D88: 0 | E88: 0 | F88: 0 | G88: =IFERROR(E88/D88,0)
A89: 46025 | B89: UPT VII | C89: =SUM(C90:C92) | D89: =SUM(D90:D92) | E89: =SUM(E90:E92) | F89: =SUM(F90:F92) | G89: =IFERROR(E89/D89,0) | H89: Total UPT VII
A90: 46025 | B90: Medan Belawan | C90: 0 | D90: 0 | E90: 0 | F90: 0 | G90: =IFERROR(E90/D90,0)
A91: 46025 | B91: Medan Marelan | C91: 0 | D91: 0 | E91: 0 | F91: 0 | G91: =IFERROR(E91/D91,0)
A92: 46025 | B92: Medan Labuhan | C92: 0 | D92: 0 | E92: 0 | F92: 0 | G92: =IFERROR(E92/D92,0)
A93: 46025 | B93: GRAND TOTAL | C93: =SUM(C65,C69,C73,C77,C81,C85,C89) | D93: =SUM(D65,D69,D73,D77,D81,D85,D89) | E93: =SUM(E65,E69,E73,E77,E81,E85,E89) | F93: =SUM(F65,F69,F73,F77,F81,F85,F89) | G93: =IFERROR(E93/D93,0) | H93: Total Harian
A94: 46026 | B94: UPT I | C94: =SUM(C95:C97) | D94: =SUM(D95:D97) | E94: =SUM(E95:E97) | F94: =SUM(F95:F97) | G94: =IFERROR(E94/D94,0) | H94: Total UPT I
A95: 46026 | B95: Medan Amplas | C95: 0 | D95: 0 | E95: 0 | F95: 0 | G95: =IFERROR(E95/D95,0)
A96: 46026 | B96: Medan Area | C96: 0 | D96: 0 | E96: 0 | F96: 0 | G96: =IFERROR(E96/D96,0)
A97: 46026 | B97: Medan Kota | C97: 0 | D97: 0 | E97: 0 | F97: 0 | G97: =IFERROR(E97/D97,0)
A98: 46026 | B98: UPT II | C98: =SUM(C99:C101) | D98: =SUM(D99:D101) | E98: =SUM(E99:E101) | F98: =SUM(F99:F101) | G98: =IFERROR(E98/D98,0) | H98: Total UPT II
A99: 46026 | B99: Medan Tembung | C99: 0 | D99: 0 | E99: 0 | F99: 0 | G99: =IFERROR(E99/D99,0)
A100: 46026 | B100: Medan Perjuangan | C100: 0 | D100: 0 | E100: 0 | F100: 0 | G100: =IFERROR(E100/D100,0)
A101: 46026 | B101: Medan Denai | C101: 0 | D101: 0 | E101: 0 | F101: 0 | G101: =IFERROR(E101/D101,0)
...

Sheet SUMBER DATA
A1: SUMBER DATA OTOMATIS
A2: Data pada sheet ini mengikuti input di KECAMATAN secara otomatis. Input tetap dilakukan di sheet KECAMATAN.
A4: Tanggal | B4: UPT | C4: Kecamatan | D4: Jumlah Petugas | E4: Target WP | F4: Jumlah SPPT | G4: Jumlah RP | H4: Keterangan
A5: 46023 | B5: UPT I | C5: Medan Amplas | D5: =IF(KECAMATAN!C8="","",KECAMATAN!C8) | E5: =IF(KECAMATAN!D8="","",KECAMATAN!D8) | F5: =IF(KECAMATAN!E8="","",KECAMATAN!E8) | G5: =IF(KECAMATAN!F8="","",KECAMATAN!F8) | H5: =IF(KECAMATAN!H8="","",KECAMATAN!H8)
A6: 46023 | B6: UPT I | C6: Medan Area | D6: =IF(KECAMATAN!C9="","",KECAMATAN!C9) | E6: =IF(KECAMATAN!D9="","",KECAMATAN!D9) | F6: =IF(KECAMATAN!E9="","",KECAMATAN!E9) | G6: =IF(KECAMATAN!F9="","",KECAMATAN!F9) | H6: =IF(KECAMATAN!H9="","",KECAMATAN!H9)
A7: 46023 | B7: UPT I | C7: Medan Kota | D7: =IF(KECAMATAN!C10="","",KECAMATAN!C10) | E7: =IF(KECAMATAN!D10="","",KECAMATAN!D10) | F7: =IF(KECAMATAN!E10="","",KECAMATAN!E10) | G7: =IF(KECAMATAN!F10="","",KECAMATAN!F10) | H7: =IF(KECAMATAN!H10="","",KECAMATAN!H10)
A8: 46023 | B8: UPT II | C8: Medan Tembung | D8: =IF(KECAMATAN!C12="","",KECAMATAN!C12) | E8: =IF(KECAMATAN!D12="","",KECAMATAN!D12) | F8: =IF(KECAMATAN!E12="","",KECAMATAN!E12) | G8: =IF(KECAMATAN!F12="","",KECAMATAN!F12) | H8: =IF(KECAMATAN!H12="","",KECAMATAN!H12)
A9: 46023 | B9: UPT II | C9: Medan Perjuangan | D9: =IF(KECAMATAN!C13="","",KECAMATAN!C13) | E9: =IF(KECAMATAN!D13="","",KECAMATAN!D13) | F9: =IF(KECAMATAN!E13="","",KECAMATAN!E13) | G9: =IF(KECAMATAN!F13="","",KECAMATAN!F13) | H9: =IF(KECAMATAN!H13="","",KECAMATAN!H13)
A10: 46023 | B10: UPT II | C10: Medan Denai | D10: =IF(KECAMATAN!C14="","",KECAMATAN!C14) | E10: =IF(KECAMATAN!D14="","",KECAMATAN!D14) | F10: =IF(KECAMATAN!E14="","",KECAMATAN!E14) | G10: =IF(KECAMATAN!F14="","",KECAMATAN!F14) | H10: =IF(KECAMATAN!H14="","",KECAMATAN!H14)
A11: 46023 | B11: UPT III | C11: Medan Sunggal | D11: =IF(KECAMATAN!C16="","",KECAMATAN!C16) | E11: =IF(KECAMATAN!D16="","",KECAMATAN!D16) | F11: =IF(KECAMATAN!E16="","",KECAMATAN!E16) | G11: =IF(KECAMATAN!F16="","",KECAMATAN!F16) | H11: =IF(KECAMATAN!H16="","",KECAMATAN!H16)
A12: 46023 | B12: UPT III | C12: Medan Petisah | D12: =IF(KECAMATAN!C17="","",KECAMATAN!C17) | E12: =IF(KECAMATAN!D17="","",KECAMATAN!D17) | F12: =IF(KECAMATAN!E17="","",KECAMATAN!E17) | G12: =IF(KECAMATAN!F17="","",KECAMATAN!F17) | H12: =IF(KECAMATAN!H17="","",KECAMATAN!H17)
A13: 46023 | B13: UPT III | C13: Medan Helvetia | D13: =IF(KECAMATAN!C18="","",KECAMATAN!C18) | E13: =IF(KECAMATAN!D18="","",KECAMATAN!D18) | F13: =IF(KECAMATAN!E18="","",KECAMATAN!E18) | G13: =IF(KECAMATAN!F18="","",KECAMATAN!F18) | H13: =IF(KECAMATAN!H18="","",KECAMATAN!H18)
A14: 46023 | B14: UPT IV | C14: Medan Barat | D14: =IF(KECAMATAN!C20="","",KECAMATAN!C20) | E14: =IF(KECAMATAN!D20="","",KECAMATAN!D20) | F14: =IF(KECAMATAN!E20="","",KECAMATAN!E20) | G14: =IF(KECAMATAN!F20="","",KECAMATAN!F20) | H14: =IF(KECAMATAN!H20="","",KECAMATAN!H20)
A15: 46023 | B15: UPT IV | C15: Medan Timur | D15: =IF(KECAMATAN!C21="","",KECAMATAN!C21) | E15: =IF(KECAMATAN!D21="","",KECAMATAN!D21) | F15: =IF(KECAMATAN!E21="","",KECAMATAN!E21) | G15: =IF(KECAMATAN!F21="","",KECAMATAN!F21) | H15: =IF(KECAMATAN!H21="","",KECAMATAN!H21)
A16: 46023 | B16: UPT IV | C16: Medan Deli | D16: =IF(KECAMATAN!C22="","",KECAMATAN!C22) | E16: =IF(KECAMATAN!D22="","",KECAMATAN!D22) | F16: =IF(KECAMATAN!E22="","",KECAMATAN!E22) | G16: =IF(KECAMATAN!F22="","",KECAMATAN!F22) | H16: =IF(KECAMATAN!H22="","",KECAMATAN!H22)
A17: 46023 | B17: UPT V | C17: Medan Baru | D17: =IF(KECAMATAN!C24="","",KECAMATAN!C24) | E17: =IF(KECAMATAN!D24="","",KECAMATAN!D24) | F17: =IF(KECAMATAN!E24="","",KECAMATAN!E24) | G17: =IF(KECAMATAN!F24="","",KECAMATAN!F24) | H17: =IF(KECAMATAN!H24="","",KECAMATAN!H24)
A18: 46023 | B18: UPT V | C18: Medan Polonia | D18: =IF(KECAMATAN!C25="","",KECAMATAN!C25) | E18: =IF(KECAMATAN!D25="","",KECAMATAN!D25) | F18: =IF(KECAMATAN!E25="","",KECAMATAN!E25) | G18: =IF(KECAMATAN!F25="","",KECAMATAN!F25) | H18: =IF(KECAMATAN!H25="","",KECAMATAN!H25)
A19: 46023 | B19: UPT V | C19: Medan Maimun | D19: =IF(KECAMATAN!C26="","",KECAMATAN!C26) | E19: =IF(KECAMATAN!D26="","",KECAMATAN!D26) | F19: =IF(KECAMATAN!E26="","",KECAMATAN!E26) | G19: =IF(KECAMATAN!F26="","",KECAMATAN!F26) | H19: =IF(KECAMATAN!H26="","",KECAMATAN!H26)
A20: 46023 | B20: UPT VI | C20: Medan Johor | D20: =IF(KECAMATAN!C28="","",KECAMATAN!C28) | E20: =IF(KECAMATAN!D28="","",KECAMATAN!D28) | F20: =IF(KECAMATAN!E28="","",KECAMATAN!E28) | G20: =IF(KECAMATAN!F28="","",KECAMATAN!F28) | H20: =IF(KECAMATAN!H28="","",KECAMATAN!H28)
A21: 46023 | B21: UPT VI | C21: Medan Selayang | D21: =IF(KECAMATAN!C29="","",KECAMATAN!C29) | E21: =IF(KECAMATAN!D29="","",KECAMATAN!D29) | F21: =IF(KECAMATAN!E29="","",KECAMATAN!E29) | G21: =IF(KECAMATAN!F29="","",KECAMATAN!F29) | H21: =IF(KECAMATAN!H29="","",KECAMATAN!H29)
A22: 46023 | B22: UPT VI | C22: Medan Tuntungan | D22: =IF(KECAMATAN!C30="","",KECAMATAN!C30) | E22: =IF(KECAMATAN!D30="","",KECAMATAN!D30) | F22: =IF(KECAMATAN!E30="","",KECAMATAN!E30) | G22: =IF(KECAMATAN!F30="","",KECAMATAN!F30) | H22: =IF(KECAMATAN!H30="","",KECAMATAN!H30)
A23: 46023 | B23: UPT VII | C23: Medan Belawan | D23: =IF(KECAMATAN!C32="","",KECAMATAN!C32) | E23: =IF(KECAMATAN!D32="","",KECAMATAN!D32) | F23: =IF(KECAMATAN!E32="","",KECAMATAN!E32) | G23: =IF(KECAMATAN!F32="","",KECAMATAN!F32) | H23: =IF(KECAMATAN!H32="","",KECAMATAN!H32)
A24: 46023 | B24: UPT VII | C24: Medan Marelan | D24: =IF(KECAMATAN!C33="","",KECAMATAN!C33) | E24: =IF(KECAMATAN!D33="","",KECAMATAN!D33) | F24: =IF(KECAMATAN!E33="","",KECAMATAN!E33) | G24: =IF(KECAMATAN!F33="","",KECAMATAN!F33) | H24: =IF(KECAMATAN!H33="","",KECAMATAN!H33)
A25: 46023 | B25: UPT VII | C25: Medan Labuhan | D25: =IF(KECAMATAN!C34="","",KECAMATAN!C34) | E25: =IF(KECAMATAN!D34="","",KECAMATAN!D34) | F25: =IF(KECAMATAN!E34="","",KECAMATAN!E34) | G25: =IF(KECAMATAN!F34="","",KECAMATAN!F34) | H25: =IF(KECAMATAN!H34="","",KECAMATAN!H34)
A26: 46024 | B26: UPT I | C26: Medan Amplas | D26: =IF(KECAMATAN!C37="","",KECAMATAN!C37) | E26: =IF(KECAMATAN!D37="","",KECAMATAN!D37) | F26: =IF(KECAMATAN!E37="","",KECAMATAN!E37) | G26: =IF(KECAMATAN!F37="","",KECAMATAN!F37) | H26: =IF(KECAMATAN!H37="","",KECAMATAN!H37)
A27: 46024 | B27: UPT I | C27: Medan Area | D27: =IF(KECAMATAN!C38="","",KECAMATAN!C38) | E27: =IF(KECAMATAN!D38="","",KECAMATAN!D38) | F27: =IF(KECAMATAN!E38="","",KECAMATAN!E38) | G27: =IF(KECAMATAN!F38="","",KECAMATAN!F38) | H27: =IF(KECAMATAN!H38="","",KECAMATAN!H38)
A28: 46024 | B28: UPT I | C28: Medan Kota | D28: =IF(KECAMATAN!C39="","",KECAMATAN!C39) | E28: =IF(KECAMATAN!D39="","",KECAMATAN!D39) | F28: =IF(KECAMATAN!E39="","",KECAMATAN!E39) | G28: =IF(KECAMATAN!F39="","",KECAMATAN!F39) | H28: =IF(KECAMATAN!H39="","",KECAMATAN!H39)
A29: 46024 | B29: UPT II | C29: Medan Tembung | D29: =IF(KECAMATAN!C41="","",KECAMATAN!C41) | E29: =IF(KECAMATAN!D41="","",KECAMATAN!D41) | F29: =IF(KECAMATAN!E41="","",KECAMATAN!E41) | G29: =IF(KECAMATAN!F41="","",KECAMATAN!F41) | H29: =IF(KECAMATAN!H41="","",KECAMATAN!H41)
A30: 46024 | B30: UPT II | C30: Medan Perjuangan | D30: =IF(KECAMATAN!C42="","",KECAMATAN!C42) | E30: =IF(KECAMATAN!D42="","",KECAMATAN!D42) | F30: =IF(KECAMATAN!E42="","",KECAMATAN!E42) | G30: =IF(KECAMATAN!F42="","",KECAMATAN!F42) | H30: =IF(KECAMATAN!H42="","",KECAMATAN!H42)
A31: 46024 | B31: UPT II | C31: Medan Denai | D31: =IF(KECAMATAN!C43="","",KECAMATAN!C43) | E31: =IF(KECAMATAN!D43="","",KECAMATAN!D43) | F31: =IF(KECAMATAN!E43="","",KECAMATAN!E43) | G31: =IF(KECAMATAN!F43="","",KECAMATAN!F43) | H31: =IF(KECAMATAN!H43="","",KECAMATAN!H43)
A32: 46024 | B32: UPT III | C32: Medan Sunggal | D32: =IF(KECAMATAN!C45="","",KECAMATAN!C45) | E32: =IF(KECAMATAN!D45="","",KECAMATAN!D45) | F32: =IF(KECAMATAN!E45="","",KECAMATAN!E45) | G32: =IF(KECAMATAN!F45="","",KECAMATAN!F45) | H32: =IF(KECAMATAN!H45="","",KECAMATAN!H45)
A33: 46024 | B33: UPT III | C33: Medan Petisah | D33: =IF(KECAMATAN!C46="","",KECAMATAN!C46) | E33: =IF(KECAMATAN!D46="","",KECAMATAN!D46) | F33: =IF(KECAMATAN!E46="","",KECAMATAN!E46) | G33: =IF(KECAMATAN!F46="","",KECAMATAN!F46) | H33: =IF(KECAMATAN!H46="","",KECAMATAN!H46)
A34: 46024 | B34: UPT III | C34: Medan Helvetia | D34: =IF(KECAMATAN!C47="","",KECAMATAN!C47) | E34: =IF(KECAMATAN!D47="","",KECAMATAN!D47) | F34: =IF(KECAMATAN!E47="","",KECAMATAN!E47) | G34: =IF(KECAMATAN!F47="","",KECAMATAN!F47) | H34: =IF(KECAMATAN!H47="","",KECAMATAN!H47)
A35: 46024 | B35: UPT IV | C35: Medan Barat | D35: =IF(KECAMATAN!C49="","",KECAMATAN!C49) | E35: =IF(KECAMATAN!D49="","",KECAMATAN!D49) | F35: =IF(KECAMATAN!E49="","",KECAMATAN!E49) | G35: =IF(KECAMATAN!F49="","",KECAMATAN!F49) | H35: =IF(KECAMATAN!H49="","",KECAMATAN!H49)
A36: 46024 | B36: UPT IV | C36: Medan Timur | D36: =IF(KECAMATAN!C50="","",KECAMATAN!C50) | E36: =IF(KECAMATAN!D50="","",KECAMATAN!D50) | F36: =IF(KECAMATAN!E50="","",KECAMATAN!E50) | G36: =IF(KECAMATAN!F50="","",KECAMATAN!F50) | H36: =IF(KECAMATAN!H50="","",KECAMATAN!H50)
A37: 46024 | B37: UPT IV | C37: Medan Deli | D37: =IF(KECAMATAN!C51="","",KECAMATAN!C51) | E37: =IF(KECAMATAN!D51="","",KECAMATAN!D51) | F37: =IF(KECAMATAN!E51="","",KECAMATAN!E51) | G37: =IF(KECAMATAN!F51="","",KECAMATAN!F51) | H37: =IF(KECAMATAN!H51="","",KECAMATAN!H51)
A38: 46024 | B38: UPT V | C38: Medan Baru | D38: =IF(KECAMATAN!C53="","",KECAMATAN!C53) | E38: =IF(KECAMATAN!D53="","",KECAMATAN!D53) | F38: =IF(KECAMATAN!E53="","",KECAMATAN!E53) | G38: =IF(KECAMATAN!F53="","",KECAMATAN!F53) | H38: =IF(KECAMATAN!H53="","",KECAMATAN!H53)
A39: 46024 | B39: UPT V | C39: Medan Polonia | D39: =IF(KECAMATAN!C54="","",KECAMATAN!C54) | E39: =IF(KECAMATAN!D54="","",KECAMATAN!D54) | F39: =IF(KECAMATAN!E54="","",KECAMATAN!E54) | G39: =IF(KECAMATAN!F54="","",KECAMATAN!F54) | H39: =IF(KECAMATAN!H54="","",KECAMATAN!H54)
A40: 46024 | B40: UPT V | C40: Medan Maimun | D40: =IF(KECAMATAN!C55="","",KECAMATAN!C55) | E40: =IF(KECAMATAN!D55="","",KECAMATAN!D55) | F40: =IF(KECAMATAN!E55="","",KECAMATAN!E55) | G40: =IF(KECAMATAN!F55="","",KECAMATAN!F55) | H40: =IF(KECAMATAN!H55="","",KECAMATAN!H55)
A41: 46024 | B41: UPT VI | C41: Medan Johor | D41: =IF(KECAMATAN!C57="","",KECAMATAN!C57) | E41: =IF(KECAMATAN!D57="","",KECAMATAN!D57) | F41: =IF(KECAMATAN!E57="","",KECAMATAN!E57) | G41: =IF(KECAMATAN!F57="","",KECAMATAN!F57) | H41: =IF(KECAMATAN!H57="","",KECAMATAN!H57)
A42: 46024 | B42: UPT VI | C42: Medan Selayang | D42: =IF(KECAMATAN!C58="","",KECAMATAN!C58) | E42: =IF(KECAMATAN!D58="","",KECAMATAN!D58) | F42: =IF(KECAMATAN!E58="","",KECAMATAN!E58) | G42: =IF(KECAMATAN!F58="","",KECAMATAN!F58) | H42: =IF(KECAMATAN!H58="","",KECAMATAN!H58)
A43: 46024 | B43: UPT VI | C43: Medan Tuntungan | D43: =IF(KECAMATAN!C59="","",KECAMATAN!C59) | E43: =IF(KECAMATAN!D59="","",KECAMATAN!D59) | F43: =IF(KECAMATAN!E59="","",KECAMATAN!E59) | G43: =IF(KECAMATAN!F59="","",KECAMATAN!F59) | H43: =IF(KECAMATAN!H59="","",KECAMATAN!H59)
A44: 46024 | B44: UPT VII | C44: Medan Belawan | D44: =IF(KECAMATAN!C61="","",KECAMATAN!C61) | E44: =IF(KECAMATAN!D61="","",KECAMATAN!D61) | F44: =IF(KECAMATAN!E61="","",KECAMATAN!E61) | G44: =IF(KECAMATAN!F61="","",KECAMATAN!F61) | H44: =IF(KECAMATAN!H61="","",KECAMATAN!H61)
A45: 46024 | B45: UPT VII | C45: Medan Marelan | D45: =IF(KECAMATAN!C62="","",KECAMATAN!C62) | E45: =IF(KECAMATAN!D62="","",KECAMATAN!D62) | F45: =IF(KECAMATAN!E62="","",KECAMATAN!E62) | G45: =IF(KECAMATAN!F62="","",KECAMATAN!F62) | H45: =IF(KECAMATAN!H62="","",KECAMATAN!H62)
A46: 46024 | B46: UPT VII | C46: Medan Labuhan | D46: =IF(KECAMATAN!C63="","",KECAMATAN!C63) | E46: =IF(KECAMATAN!D63="","",KECAMATAN!D63) | F46: =IF(KECAMATAN!E63="","",KECAMATAN!E63) | G46: =IF(KECAMATAN!F63="","",KECAMATAN!F63) | H46: =IF(KECAMATAN!H63="","",KECAMATAN!H63)
A47: 46025 | B47: UPT I | C47: Medan Amplas | D47: =IF(KECAMATAN!C66="","",KECAMATAN!C66) | E47: =IF(KECAMATAN!D66="","",KECAMATAN!D66) | F47: =IF(KECAMATAN!E66="","",KECAMATAN!E66) | G47: =IF(KECAMATAN!F66="","",KECAMATAN!F66) | H47: =IF(KECAMATAN!H66="","",KECAMATAN!H66)
A48: 46025 | B48: UPT I | C48: Medan Area | D48: =IF(KECAMATAN!C67="","",KECAMATAN!C67) | E48: =IF(KECAMATAN!D67="","",KECAMATAN!D67) | F48: =IF(KECAMATAN!E67="","",KECAMATAN!E67) | G48: =IF(KECAMATAN!F67="","",KECAMATAN!F67) | H48: =IF(KECAMATAN!H67="","",KECAMATAN!H67)
A49: 46025 | B49: UPT I | C49: Medan Kota | D49: =IF(KECAMATAN!C68="","",KECAMATAN!C68) | E49: =IF(KECAMATAN!D68="","",KECAMATAN!D68) | F49: =IF(KECAMATAN!E68="","",KECAMATAN!E68) | G49: =IF(KECAMATAN!F68="","",KECAMATAN!F68) | H49: =IF(KECAMATAN!H68="","",KECAMATAN!H68)
A50: 46025 | B50: UPT II | C50: Medan Tembung | D50: =IF(KECAMATAN!C70="","",KECAMATAN!C70) | E50: =IF(KECAMATAN!D70="","",KECAMATAN!D70) | F50: =IF(KECAMATAN!E70="","",KECAMATAN!E70) | G50: =IF(KECAMATAN!F70="","",KECAMATAN!F70) | H50: =IF(KECAMATAN!H70="","",KECAMATAN!H70)
A51: 46025 | B51: UPT II | C51: Medan Perjuangan | D51: =IF(KECAMATAN!C71="","",KECAMATAN!C71) | E51: =IF(KECAMATAN!D71="","",KECAMATAN!D71) | F51: =IF(KECAMATAN!E71="","",KECAMATAN!E71) | G51: =IF(KECAMATAN!F71="","",KECAMATAN!F71) | H51: =IF(KECAMATAN!H71="","",KECAMATAN!H71)
A52: 46025 | B52: UPT II | C52: Medan Denai | D52: =IF(KECAMATAN!C72="","",KECAMATAN!C72) | E52: =IF(KECAMATAN!D72="","",KECAMATAN!D72) | F52: =IF(KECAMATAN!E72="","",KECAMATAN!E72) | G52: =IF(KECAMATAN!F72="","",KECAMATAN!F72) | H52: =IF(KECAMATAN!H72="","",KECAMATAN!H72)
A53: 46025 | B53: UPT III | C53: Medan Sunggal | D53: =IF(KECAMATAN!C74="","",KECAMATAN!C74) | E53: =IF(KECAMATAN!D74="","",KECAMATAN!D74) | F53: =IF(KECAMATAN!E74="","",KECAMATAN!E74) | G53: =IF(KECAMATAN!F74="","",KECAMATAN!F74) | H53: =IF(KECAMATAN!H74="","",KECAMATAN!H74)
A54: 46025 | B54: UPT III | C54: Medan Petisah | D54: =IF(KECAMATAN!C75="","",KECAMATAN!C75) | E54: =IF(KECAMATAN!D75="","",KECAMATAN!D75) | F54: =IF(KECAMATAN!E75="","",KECAMATAN!E75) | G54: =IF(KECAMATAN!F75="","",KECAMATAN!F75) | H54: =IF(KECAMATAN!H75="","",KECAMATAN!H75)
A55: 46025 | B55: UPT III | C55: Medan Helvetia | D55: =IF(KECAMATAN!C76="","",KECAMATAN!C76) | E55: =IF(KECAMATAN!D76="","",KECAMATAN!D76) | F55: =IF(KECAMATAN!E76="","",KECAMATAN!E76) | G55: =IF(KECAMATAN!F76="","",KECAMATAN!F76) | H55: =IF(KECAMATAN!H76="","",KECAMATAN!H76)
A56: 46025 | B56: UPT IV | C56: Medan Barat | D56: =IF(KECAMATAN!C78="","",KECAMATAN!C78) | E56: =IF(KECAMATAN!D78="","",KECAMATAN!D78) | F56: =IF(KECAMATAN!E78="","",KECAMATAN!E78) | G56: =IF(KECAMATAN!F78="","",KECAMATAN!F78) | H56: =IF(KECAMATAN!H78="","",KECAMATAN!H78)
A57: 46025 | B57: UPT IV | C57: Medan Timur | D57: =IF(KECAMATAN!C79="","",KECAMATAN!C79) | E57: =IF(KECAMATAN!D79="","",KECAMATAN!D79) | F57: =IF(KECAMATAN!E79="","",KECAMATAN!E79) | G57: =IF(KECAMATAN!F79="","",KECAMATAN!F79) | H57: =IF(KECAMATAN!H79="","",KECAMATAN!H79)
A58: 46025 | B58: UPT IV | C58: Medan Deli | D58: =IF(KECAMATAN!C80="","",KECAMATAN!C80) | E58: =IF(KECAMATAN!D80="","",KECAMATAN!D80) | F58: =IF(KECAMATAN!E80="","",KECAMATAN!E80) | G58: =IF(KECAMATAN!F80="","",KECAMATAN!F80) | H58: =IF(KECAMATAN!H80="","",KECAMATAN!H80)
A59: 46025 | B59: UPT V | C59: Medan Baru | D59: =IF(KECAMATAN!C82="","",KECAMATAN!C82) | E59: =IF(KECAMATAN!D82="","",KECAMATAN!D82) | F59: =IF(KECAMATAN!E82="","",KECAMATAN!E82) | G59: =IF(KECAMATAN!F82="","",KECAMATAN!F82) | H59: =IF(KECAMATAN!H82="","",KECAMATAN!H82)
A60: 46025 | B60: UPT V | C60: Medan Polonia | D60: =IF(KECAMATAN!C83="","",KECAMATAN!C83) | E60: =IF(KECAMATAN!D83="","",KECAMATAN!D83) | F60: =IF(KECAMATAN!E83="","",KECAMATAN!E83) | G60: =IF(KECAMATAN!F83="","",KECAMATAN!F83) | H60: =IF(KECAMATAN!H83="","",KECAMATAN!H83)
A61: 46025 | B61: UPT V | C61: Medan Maimun | D61: =IF(KECAMATAN!C84="","",KECAMATAN!C84) | E61: =IF(KECAMATAN!D84="","",KECAMATAN!D84) | F61: =IF(KECAMATAN!E84="","",KECAMATAN!E84) | G61: =IF(KECAMATAN!F84="","",KECAMATAN!F84) | H61: =IF(KECAMATAN!H84="","",KECAMATAN!H84)
A62: 46025 | B62: UPT VI | C62: Medan Johor | D62: =IF(KECAMATAN!C86="","",KECAMATAN!C86) | E62: =IF(KECAMATAN!D86="","",KECAMATAN!D86) | F62: =IF(KECAMATAN!E86="","",KECAMATAN!E86) | G62: =IF(KECAMATAN!F86="","",KECAMATAN!F86) | H62: =IF(KECAMATAN!H86="","",KECAMATAN!H86)
A63: 46025 | B63: UPT VI | C63: Medan Selayang | D63: =IF(KECAMATAN!C87="","",KECAMATAN!C87) | E63: =IF(KECAMATAN!D87="","",KECAMATAN!D87) | F63: =IF(KECAMATAN!E87="","",KECAMATAN!E87) | G63: =IF(KECAMATAN!F87="","",KECAMATAN!F87) | H63: =IF(KECAMATAN!H87="","",KECAMATAN!H87)
A64: 46025 | B64: UPT VI | C64: Medan Tuntungan | D64: =IF(KECAMATAN!C88="","",KECAMATAN!C88) | E64: =IF(KECAMATAN!D88="","",KECAMATAN!D88) | F64: =IF(KECAMATAN!E88="","",KECAMATAN!E88) | G64: =IF(KECAMATAN!F88="","",KECAMATAN!F88) | H64: =IF(KECAMATAN!H88="","",KECAMATAN!H88)
A65: 46025 | B65: UPT VII | C65: Medan Belawan | D65: =IF(KECAMATAN!C90="","",KECAMATAN!C90) | E65: =IF(KECAMATAN!D90="","",KECAMATAN!D90) | F65: =IF(KECAMATAN!E90="","",KECAMATAN!E90) | G65: =IF(KECAMATAN!F90="","",KECAMATAN!F90) | H65: =IF(KECAMATAN!H90="","",KECAMATAN!H90)
A66: 46025 | B66: UPT VII | C66: Medan Marelan | D66: =IF(KECAMATAN!C91="","",KECAMATAN!C91) | E66: =IF(KECAMATAN!D91="","",KECAMATAN!D91) | F66: =IF(KECAMATAN!E91="","",KECAMATAN!E91) | G66: =IF(KECAMATAN!F91="","",KECAMATAN!F91) | H66: =IF(KECAMATAN!H91="","",KECAMATAN!H91)
A67: 46025 | B67: UPT VII | C67: Medan Labuhan | D67: =IF(KECAMATAN!C92="","",KECAMATAN!C92) | E67: =IF(KECAMATAN!D92="","",KECAMATAN!D92) | F67: =IF(KECAMATAN!E92="","",KECAMATAN!E92) | G67: =IF(KECAMATAN!F92="","",KECAMATAN!F92) | H67: =IF(KECAMATAN!H92="","",KECAMATAN!H92)
A68: 46026 | B68: UPT I | C68: Medan Amplas | D68: =IF(KECAMATAN!C95="","",KECAMATAN!C95) | E68: =IF(KECAMATAN!D95="","",KECAMATAN!D95) | F68: =IF(KECAMATAN!E95="","",KECAMATAN!E95) | G68: =IF(KECAMATAN!F95="","",KECAMATAN!F95) | H68: =IF(KECAMATAN!H95="","",KECAMATAN!H95)
A69: 46026 | B69: UPT I | C69: Medan Area | D69: =IF(KECAMATAN!C96="","",KECAMATAN!C96) | E69: =IF(KECAMATAN!D96="","",KECAMATAN!D96) | F69: =IF(KECAMATAN!E96="","",KECAMATAN!E96) | G69: =IF(KECAMATAN!F96="","",KECAMATAN!F96) | H69: =IF(KECAMATAN!H96="","",KECAMATAN!H96)
A70: 46026 | B70: UPT I | C70: Medan Kota | D70: =IF(KECAMATAN!C97="","",KECAMATAN!C97) | E70: =IF(KECAMATAN!D97="","",KECAMATAN!D97) | F70: =IF(KECAMATAN!E97="","",KECAMATAN!E97) | G70: =IF(KECAMATAN!F97="","",KECAMATAN!F97) | H70: =IF(KECAMATAN!H97="","",KECAMATAN!H97)
A71: 46026 | B71: UPT II | C71: Medan Tembung | D71: =IF(KECAMATAN!C99="","",KECAMATAN!C99) | E71: =IF(KECAMATAN!D99="","",KECAMATAN!D99) | F71: =IF(KECAMATAN!E99="","",KECAMATAN!E99) | G71: =IF(KECAMATAN!F99="","",KECAMATAN!F99) | H71: =IF(KECAMATAN!H99="","",KECAMATAN!H99)
A72: 46026 | B72: UPT II | C72: Medan Perjuangan | D72: =IF(KECAMATAN!C100="","",KECAMATAN!C100) | E72: =IF(KECAMATAN!D100="","",KECAMATAN!D100) | F72: =IF(KECAMATAN!E100="","",KECAMATAN!E100) | G72: =IF(KECAMATAN!F100="","",KECAMATAN!F100) | H72: =IF(KECAMATAN!H100="","",KECAMATAN!H100)
A73: 46026 | B73: UPT II | C73: Medan Denai | D73: =IF(KECAMATAN!C101="","",KECAMATAN!C101) | E73: =IF(KECAMATAN!D101="","",KECAMATAN!D101) | F73: =IF(KECAMATAN!E101="","",KECAMATAN!E101) | G73: =IF(KECAMATAN!F101="","",KECAMATAN!F101) | H73: =IF(KECAMATAN!H101="","",KECAMATAN!H101)
A74: 46026 | B74: UPT III | C74: Medan Sunggal | D74: =IF(KECAMATAN!C103="","",KECAMATAN!C103) | E74: =IF(KECAMATAN!D103="","",KECAMATAN!D103) | F74: =IF(KECAMATAN!E103="","",KECAMATAN!E103) | G74: =IF(KECAMATAN!F103="","",KECAMATAN!F103) | H74: =IF(KECAMATAN!H103="","",KECAMATAN!H103)
A75: 46026 | B75: UPT III | C75: Medan Petisah | D75: =IF(KECAMATAN!C104="","",KECAMATAN!C104) | E75: =IF(KECAMATAN!D104="","",KECAMATAN!D104) | F75: =IF(KECAMATAN!E104="","",KECAMATAN!E104) | G75: =IF(KECAMATAN!F104="","",KECAMATAN!F104) | H75: =IF(KECAMATAN!H104="","",KECAMATAN!H104)
A76: 46026 | B76: UPT III | C76: Medan Helvetia | D76: =IF(KECAMATAN!C105="","",KECAMATAN!C105) | E76: =IF(KECAMATAN!D105="","",KECAMATAN!D105) | F76: =IF(KECAMATAN!E105="","",KECAMATAN!E105) | G76: =IF(KECAMATAN!F105="","",KECAMATAN!F105) | H76: =IF(KECAMATAN!H105="","",KECAMATAN!H105)
A77: 46026 | B77: UPT IV | C77: Medan Barat | D77: =IF(KECAMATAN!C107="","",KECAMATAN!C107) | E77: =IF(KECAMATAN!D107="","",KECAMATAN!D107) | F77: =IF(KECAMATAN!E107="","",KECAMATAN!E107) | G77: =IF(KECAMATAN!F107="","",KECAMATAN!F107) | H77: =IF(KECAMATAN!H107="","",KECAMATAN!H107)
A78: 46026 | B78: UPT IV | C78: Medan Timur | D78: =IF(KECAMATAN!C108="","",KECAMATAN!C108) | E78: =IF(KECAMATAN!D108="","",KECAMATAN!D108) | F78: =IF(KECAMATAN!E108="","",KECAMATAN!E108) | G78: =IF(KECAMATAN!F108="","",KECAMATAN!F108) | H78: =IF(KECAMATAN!H108="","",KECAMATAN!H108)
A79: 46026 | B79: UPT IV | C79: Medan Deli | D79: =IF(KECAMATAN!C109="","",KECAMATAN!C109) | E79: =IF(KECAMATAN!D109="","",KECAMATAN!D109) | F79: =IF(KECAMATAN!E109="","",KECAMATAN!E109) | G79: =IF(KECAMATAN!F109="","",KECAMATAN!F109) | H79: =IF(KECAMATAN!H109="","",KECAMATAN!H109)
A80: 46026 | B80: UPT V | C80: Medan Baru | D80: =IF(KECAMATAN!C111="","",KECAMATAN!C111) | E80: =IF(KECAMATAN!D111="","",KECAMATAN!D111) | F80: =IF(KECAMATAN!E111="","",KECAMATAN!E111) | G80: =IF(KECAMATAN!F111="","",KECAMATAN!F111) | H80: =IF(KECAMATAN!H111="","",KECAMATAN!H111)
A81: 46026 | B81: UPT V | C81: Medan Polonia | D81: =IF(KECAMATAN!C112="","",KECAMATAN!C112) | E81: =IF(KECAMATAN!D112="","",KECAMATAN!D112) | F81: =IF(KECAMATAN!E112="","",KECAMATAN!E112) | G81: =IF(KECAMATAN!F112="","",KECAMATAN!F112) | H81: =IF(KECAMATAN!H112="","",KECAMATAN!H112)
A82: 46026 | B82: UPT V | C82: Medan Maimun | D82: =IF(KECAMATAN!C113="","",KECAMATAN!C113) | E82: =IF(KECAMATAN!D113="","",KECAMATAN!D113) | F82: =IF(KECAMATAN!E113="","",KECAMATAN!E113) | G82: =IF(KECAMATAN!F113="","",KECAMATAN!F113) | H82: =IF(KECAMATAN!H113="","",KECAMATAN!H113)
A83: 46026 | B83: UPT VI | C83: Medan Johor | D83: =IF(KECAMATAN!C115="","",KECAMATAN!C115) | E83: =IF(KECAMATAN!D115="","",KECAMATAN!D115) | F83: =IF(KECAMATAN!E115="","",KECAMATAN!E115) | G83: =IF(KECAMATAN!F115="","",KECAMATAN!F115) | H83: =IF(KECAMATAN!H115="","",KECAMATAN!H115)
A84: 46026 | B84: UPT VI | C84: Medan Selayang | D84: =IF(KECAMATAN!C116="","",KECAMATAN!C116) | E84: =IF(KECAMATAN!D116="","",KECAMATAN!D116) | F84: =IF(KECAMATAN!E116="","",KECAMATAN!E116) | G84: =IF(KECAMATAN!F116="","",KECAMATAN!F116) | H84: =IF(KECAMATAN!H116="","",KECAMATAN!H116)
A85: 46026 | B85: UPT VI | C85: Medan Tuntungan | D85: =IF(KECAMATAN!C117="","",KECAMATAN!C117) | E85: =IF(KECAMATAN!D117="","",KECAMATAN!D117) | F85: =IF(KECAMATAN!E117="","",KECAMATAN!E117) | G85: =IF(KECAMATAN!F117="","",KECAMATAN!F117) | H85: =IF(KECAMATAN!H117="","",KECAMATAN!H117)
A86: 46026 | B86: UPT VII | C86: Medan Belawan | D86: =IF(KECAMATAN!C119="","",KECAMATAN!C119) | E86: =IF(KECAMATAN!D119="","",KECAMATAN!D119) | F86: =IF(KECAMATAN!E119="","",KECAMATAN!E119) | G86: =IF(KECAMATAN!F119="","",KECAMATAN!F119) | H86: =IF(KECAMATAN!H119="","",KECAMATAN!H119)
A87: 46026 | B87: UPT VII | C87: Medan Marelan | D87: =IF(KECAMATAN!C120="","",KECAMATAN!C120) | E87: =IF(KECAMATAN!D120="","",KECAMATAN!D120) | F87: =IF(KECAMATAN!E120="","",KECAMATAN!E120) | G87: =IF(KECAMATAN!F120="","",KECAMATAN!F120) | H87: =IF(KECAMATAN!H120="","",KECAMATAN!H120)
A88: 46026 | B88: UPT VII | C88: Medan Labuhan | D88: =IF(KECAMATAN!C121="","",KECAMATAN!C121) | E88: =IF(KECAMATAN!D121="","",KECAMATAN!D121) | F88: =IF(KECAMATAN!E121="","",KECAMATAN!E121) | G88: =IF(KECAMATAN!F121="","",KECAMATAN!F121) | H88: =IF(KECAMATAN!H121="","",KECAMATAN!H121)
A89: 46027 | B89: UPT I | C89: Medan Amplas | D89: =IF(KECAMATAN!C124="","",KECAMATAN!C124) | E89: =IF(KECAMATAN!D124="","",KECAMATAN!D124) | F89: =IF(KECAMATAN!E124="","",KECAMATAN!E124) | G89: =IF(KECAMATAN!F124="","",KECAMATAN!F124) | H89: =IF(KECAMATAN!H124="","",KECAMATAN!H124)
A90: 46027 | B90: UPT I | C90: Medan Area | D90: =IF(KECAMATAN!C125="","",KECAMATAN!C125) | E90: =IF(KECAMATAN!D125="","",KECAMATAN!D125) | F90: =IF(KECAMATAN!E125="","",KECAMATAN!E125) | G90: =IF(KECAMATAN!F125="","",KECAMATAN!F125) | H90: =IF(KECAMATAN!H125="","",KECAMATAN!H125)
A91: 46027 | B91: UPT I | C91: Medan Kota | D91: =IF(KECAMATAN!C126="","",KECAMATAN!C126) | E91: =IF(KECAMATAN!D126="","",KECAMATAN!D126) | F91: =IF(KECAMATAN!E126="","",KECAMATAN!E126) | G91: =IF(KECAMATAN!F126="","",KECAMATAN!F126) | H91: =IF(KECAMATAN!H126="","",KECAMATAN!H126)
A92: 46027 | B92: UPT II | C92: Medan Tembung | D92: =IF(KECAMATAN!C128="","",KECAMATAN!C128) | E92: =IF(KECAMATAN!D128="","",KECAMATAN!D128) | F92: =IF(KECAMATAN!E128="","",KECAMATAN!E128) | G92: =IF(KECAMATAN!F128="","",KECAMATAN!F128) | H92: =IF(KECAMATAN!H128="","",KECAMATAN!H128)
A93: 46027 | B93: UPT II | C93: Medan Perjuangan | D93: =IF(KECAMATAN!C129="","",KECAMATAN!C129) | E93: =IF(KECAMATAN!D129="","",KECAMATAN!D129) | F93: =IF(KECAMATAN!E129="","",KECAMATAN!E129) | G93: =IF(KECAMATAN!F129="","",KECAMATAN!F129) | H93: =IF(KECAMATAN!H129="","",KECAMATAN!H129)
A94: 46027 | B94: UPT II | C94: Medan Denai | D94: =IF(KECAMATAN!C130="","",KECAMATAN!C130) | E94: =IF(KECAMATAN!D130="","",KECAMATAN!D130) | F94: =IF(KECAMATAN!E130="","",KECAMATAN!E130) | G94: =IF(KECAMATAN!F130="","",KECAMATAN!F130) | H94: =IF(KECAMATAN!H130="","",KECAMATAN!H130)
A95: 46027 | B95: UPT III | C95: Medan Sunggal | D95: =IF(KECAMATAN!C132="","",KECAMATAN!C132) | E95: =IF(KECAMATAN!D132="","",KECAMATAN!D132) | F95: =IF(KECAMATAN!E132="","",KECAMATAN!E132) | G95: =IF(KECAMATAN!F132="","",KECAMATAN!F132) | H95: =IF(KECAMATAN!H132="","",KECAMATAN!H132)
A96: 46027 | B96: UPT III | C96: Medan Petisah | D96: =IF(KECAMATAN!C133="","",KECAMATAN!C133) | E96: =IF(KECAMATAN!D133="","",KECAMATAN!D133) | F96: =IF(KECAMATAN!E133="","",KECAMATAN!E133) | G96: =IF(KECAMATAN!F133="","",KECAMATAN!F133) | H96: =IF(KECAMATAN!H133="","",KECAMATAN!H133)
A97: 46027 | B97: UPT III | C97: Medan Helvetia | D97: =IF(KECAMATAN!C134="","",KECAMATAN!C134) | E97: =IF(KECAMATAN!D134="","",KECAMATAN!D134) | F97: =IF(KECAMATAN!E134="","",KECAMATAN!E134) | G97: =IF(KECAMATAN!F134="","",KECAMATAN!F134) | H97: =IF(KECAMATAN!H134="","",KECAMATAN!H134)
A98: 46027 | B98: UPT IV | C98: Medan Barat | D98: =IF(KECAMATAN!C136="","",KECAMATAN!C136) | E98: =IF(KECAMATAN!D136="","",KECAMATAN!D136) | F98: =IF(KECAMATAN!E136="","",KECAMATAN!E136) | G98: =IF(KECAMATAN!F136="","",KECAMATAN!F136) | H98: =IF(KECAMATAN!H136="","",KECAMATAN!H136)
A99: 46027 | B99: UPT IV | C99: Medan Timur | D99: =IF(KECAMATAN!C137="","",KECAMATAN!C137) | E99: =IF(KECAMATAN!D137="","",KECAMATAN!D137) | F99: =IF(KECAMATAN!E137="","",KECAMATAN!E137) | G99: =IF(KECAMATAN!F137="","",KECAMATAN!F137) | H99: =IF(KECAMATAN!H137="","",KECAMATAN!H137)
A100: 46027 | B100: UPT IV | C100: Medan Deli | D100: =IF(KECAMATAN!C138="","",KECAMATAN!C138) | E100: =IF(KECAMATAN!D138="","",KECAMATAN!D138) | F100: =IF(KECAMATAN!E138="","",KECAMATAN!E138) | G100: =IF(KECAMATAN!F138="","",KECAMATAN!F138) | H100: =IF(KECAMATAN!H138="","",KECAMATAN!H138)
A101: 46027 | B101: UPT V | C101: Medan Baru | D101: =IF(KECAMATAN!C140="","",KECAMATAN!C140) | E101: =IF(KECAMATAN!D140="","",KECAMATAN!D140) | F101: =IF(KECAMATAN!E140="","",KECAMATAN!E140) | G101: =IF(KECAMATAN!F140="","",KECAMATAN!F140) | H101: =IF(KECAMATAN!H140="","",KECAMATAN!H140)
...
